entry_time,exit_time,direction,entry_price,exit_price,sl,tp,lots,pnl_points,pnl_dollars,pnl_pct,reason,capital,be_moved,ob_formed,spread_cost,commission
2024-01-05 14:00:00,2024-01-05 15:00:00,short,16292.3,16384.635357142855,16384.635357142855,16015.293928571431,0.81,-94.33535714285608,-79.24663928571343,-0.7924663928571343,SL,9920.753360714287,False,2024-01-04 15:00:00,1.62,2.835
2024-01-08 14:00:00,2024-01-08 16:00:00,long,16408.0,16520.1,16457.742857142857,16638.664642857144,0.97,110.09999999999854,103.4019999999986,1.0422797164725979,SessionEnd,10024.155360714285,True,2024-01-05 16:00:00,1.94,3.395
2024-01-10 11:00:00,2024-01-10 16:00:00,long,16694.5,16728.1,16641.885,16852.345000000005,1.43,31.599999999998545,40.18299999999792,0.40086170409408567,SessionEnd,10064.338360714282,False,2024-01-09 18:00:00,2.86,5.005
2024-01-16 13:00:00,2024-01-16 15:00:00,short,16776.1,16836.645714285714,16836.645714285714,16594.46285714285,1.25,-62.5457142857158,-82.55714285714475,-0.8202937927783017,SL,9981.781217857137,False,2024-01-12 08:00:00,2.5,4.375
2024-01-22 12:00:00,2024-01-22 13:00:00,long,17426.6,17406.537500000002,17406.537500000002,17486.787499999988,3.73,-22.062499999996362,-95.34812499998642,-0.9552215473267558,SL,9886.43309285715,False,2024-01-22 01:00:00,7.46,13.055
2024-01-29 09:00:00,2024-01-29 16:00:00,short,17432.5,17469.9,17516.77142857143,17179.685714285715,0.88,-39.400000000001455,-37.75200000000128,-0.38185662761705963,SessionEnd,9848.68109285715,False,2024-01-26 15:00:00,1.76,3.08
2024-01-31 09:00:00,2024-01-31 12:00:00,short,17313.9,17307.764285714286,17307.764285714286,17176.793571428585,1.62,4.135714285715949,1.0298571428598375,0.010456802623112157,SL,9849.71095000001,True,2024-01-30 23:00:00,3.24,5.67
2024-02-05 15:00:00,2024-02-05 16:00:00,short,17597.8,17569.3,17597.3,17474.8,1.8,26.5,41.400000000000006,0.42031690280210676,SessionEnd,9891.11095000001,True,2024-02-05 08:00:00,3.6,6.3
2024-02-06 11:00:00,2024-02-06 16:00:00,long,17602.0,17496.8,17460.877142857145,18025.368571428564,0.53,-107.20000000000073,-58.67100000000038,-0.5931689604593944,SessionEnd,9832.439950000009,False,2024-02-05 15:00:00,1.06,1.855
2024-02-08 15:00:00,2024-02-08 16:00:00,long,17772.6,17804.1,17773.1,17817.95142857143,4.88,29.5,126.88000000000001,1.2904223228945313,SessionEnd,9959.319950000008,True,2024-02-08 07:00:00,9.76,17.08
2024-02-09 14:00:00,2024-02-09 16:00:00,long,17806.0,17911.7,17868.817857142858,17934.48464285714,1.74,103.70000000000073,174.34800000000126,1.7506014554738862,SessionEnd,10133.66795000001,True,2024-02-08 17:00:00,3.48,6.09
2024-02-12 15:00:00,2024-02-12 16:00:00,long,17949.8,17997.253571428573,17933.98214285714,17997.253571428573,4.8,45.45357142857392,201.3771428571548,1.987208815709761,TP,10335.045092857164,False,2024-02-12 04:00:00,9.6,16.8
2024-02-16 13:00:00,2024-02-16 14:00:00,long,17849.4,17813.42357142857,17813.42357142857,17957.32928571429,2.15,-37.976428571430006,-89.17432142857452,-0.8628343720551869,SL,10245.87077142859,False,2024-02-15 19:00:00,4.3,7.5249999999999995
2024-02-16 14:00:00,2024-02-16 16:00:00,short,17750.1,17749.6,17749.6,17589.90642857142,1.44,-1.5,-7.2,-0.07027221170969443,SL,10238.67077142859,True,2024-02-15 15:00:00,2.88,5.04
2024-02-23 13:00:00,2024-02-23 14:00:00,long,18002.2,18061.64714285715,17982.384285714284,18061.64714285715,3.88,57.44714285714872,209.31491428573702,2.044356332560653,TP,10447.985685714326,False,2024-02-23 06:00:00,7.76,13.58
2024-02-28 09:00:00,2024-02-28 16:00:00,short,17878.6,17920.9,17932.085714285713,17718.142857142855,1.47,-44.30000000000291,-70.26600000000427,-0.6725315492734636,SessionEnd,10377.71968571432,False,2024-02-27 18:00:00,2.94,5.145
2024-02-29 13:00:00,2024-02-29 14:00:00,long,17891.7,17950.840714285718,17871.98642857143,17950.840714285718,3.95,57.14071428571697,211.88082142858204,2.0416895796506362,TP,10589.600507142903,False,2024-02-29 05:00:00,7.9,13.825000000000001
2024-03-01 15:00:00,2024-03-01 16:00:00,long,18091.3,18150.86714285714,18071.444285714286,18150.86714285714,4.0,57.567142857140425,216.2685714285617,2.042273183796538,TP,10805.869078571464,False,2024-03-01 04:00:00,8.0,14.0
2024-03-12 12:00:00,2024-03-12 13:00:00,long,18007.3,17916.598571428574,17916.598571428574,18279.404285714274,0.89,-92.70142857142491,-85.61927142856817,-0.7923404476402098,SL,10720.249807142896,False,2024-03-11 08:00:00,1.78,3.115
2024-03-13 12:00:00,2024-03-13 14:00:00,long,18159.8,18060.415714285715,18060.415714285715,18457.952857142853,0.81,-101.38428571428449,-84.95627142857043,-0.7924840648019613,SL,10635.293535714325,False,2024-03-12 16:00:00,1.62,2.835
2024-03-15 13:00:00,2024-03-15 14:00:00,short,17985.4,17882.593214285713,18019.66892857143,17882.593214285713,2.33,100.80678571428871,226.7248107142927,2.131815261637389,TP,10862.018346428618,False,2024-03-15 00:00:00,4.66,8.155000000000001
2024-03-22 11:00:00,2024-03-22 12:00:00,short,18348.49,18300.344607142866,18364.538464285713,18300.344607142866,5.08,46.14539285713545,216.63859571424808,1.9944598582405992,TP,11078.656942142867,False,2024-03-21 22:00:00,10.16,17.78
2024-03-26 14:00:00,2024-03-26 16:00:00,long,18319.11,18319.61,18319.61,18420.036214285723,2.47,-1.5,-12.350000000000001,-0.11147560633474429,SL,11066.306942142866,True,2024-03-25 16:00:00,4.94,8.645000000000001
2024-03-27 09:00:00,2024-03-27 10:00:00,short,18285.78,18313.535964285715,18313.535964285715,18202.51210714285,2.99,-29.75596428571589,-99.43533321429052,-0.8985412544054737,SL,10966.871608928575,False,2024-03-25 20:00:00,5.98,10.465
2024-03-27 13:00:00,2024-03-27 14:00:00,short,18277.13,18194.795535714293,18304.57482142857,18194.795535714293,3.0,80.33446428570824,230.5033928571247,2.101815367925549,TP,11197.3750017857,False,2024-03-27 04:00:00,6.0,10.5
2024-04-01 13:00:00,2024-04-01 15:00:00,long,18306.45,18306.95,18306.95,18448.56567857143,1.77,-1.5,-8.850000000000001,-0.07903638128211879,SL,11188.5250017857,True,2024-03-28 14:00:00,3.54,6.195
2024-04-01 15:00:00,2024-04-01 16:00:00,short,18252.95,18266.92,18297.150071428572,18120.349785714287,1.9,-15.969999999997526,-36.9929999999953,-0.3306333944294818,SessionEnd,11151.532001785705,False,2024-03-28 18:00:00,3.8,6.6499999999999995
2024-04-02 11:00:00,2024-04-02 14:00:00,short,18221.67,18006.784071428567,18107.684285714284,18006.784071428567,1.17,212.88592857143158,244.98153642857494,2.196841980001903,TP,11396.51353821428,True,2024-04-01 16:00:00,2.34,4.095
2024-04-03 14:00:00,2024-04-03 15:00:00,long,18092.22,18179.80532142857,18063.024892857145,18179.80532142857,2.93,85.58532142856711,240.50999178570166,2.1103821881949627,TP,11637.023529999982,False,2024-04-02 17:00:00,5.86,10.255
2024-04-09 14:00:00,2024-04-09 16:00:00,short,18114.99,18114.49,18114.49,17892.93878571429,1.18,-1.5,-5.9,-0.050700249808638215,SL,11631.123529999983,True,2024-04-08 12:00:00,2.36,4.13
2024-04-10 12:00:00,2024-04-10 13:00:00,short,18157.21,18042.10664285714,18195.577785714286,18042.10664285714,2.27,113.10335714285975,248.79962071429162,2.139085016787643,TP,11879.923150714274,False,2024-04-09 12:00:00,4.54,7.945
2024-04-11 12:00:00,2024-04-11 13:00:00,long,18029.04,18091.356535714283,18008.267821428573,18091.356535714283,4.29,60.31653571428251,243.742938214272,2.0517215062928846,TP,12123.666088928547,False,2024-04-11 06:00:00,8.58,15.015
2024-04-22 14:00:00,2024-04-22 15:00:00,short,17135.4,17038.761214285714,17167.61292857143,17038.761214285714,2.82,94.63878571428722,257.01137571428995,2.1199146679649594,TP,12380.677464642837,False,2024-04-22 06:00:00,5.64,9.87
2024-04-25 12:00:00,2024-04-25 14:00:00,short,17282.86,17282.36,17282.36,17145.163535714288,2.02,-1.5,-10.100000000000001,-0.08157873451468167,SL,12370.577464642836,True,2024-04-25 06:00:00,4.04,7.07
2024-04-26 14:00:00,2024-04-26 16:00:00,long,17643.63,17748.08,17669.71785714286,17757.556928571437,2.44,102.45000000000073,241.43800000000178,1.9517116374726375,SessionEnd,12612.015464642838,True,2024-04-25 23:00:00,4.88,8.54
2024-05-01 09:00:00,2024-05-01 11:00:00,short,17353.33,17352.83,17352.83,17240.72950000001,2.52,-1.5,-12.600000000000001,-0.09990473001974569,SL,12599.415464642838,True,2024-04-30 22:00:00,5.04,8.82
2024-05-02 13:00:00,2024-05-02 15:00:00,short,17419.0,17418.5,17418.5,17246.14010714286,1.64,-1.5,-8.2,-0.06508238436149108,SL,12591.215464642837,True,2024-05-02 07:00:00,3.28,5.739999999999999
2024-05-06 12:00:00,2024-05-06 16:00:00,long,17947.08,17969.205714285716,17969.205714285716,18035.587285714297,3.2,20.12571428571391,53.202285714284514,0.4225349479856086,SL,12644.41775035712,True,2024-05-05 22:00:00,6.4,11.200000000000001
2024-05-07 14:00:00,2024-05-07 16:00:00,long,18093.58,18136.31,18107.825,18164.77878571429,4.0,40.72999999999956,148.91999999999825,1.1777529257588177,SessionEnd,12793.33775035712,True,2024-05-06 20:00:00,8.0,14.0
2024-05-08 14:00:00,2024-05-08 15:00:00,long,18101.79,18084.877714285714,18084.877714285714,18152.52685714286,5.67,-18.912285714286554,-127.07766000000476,-0.9933112255748696,SL,12666.260090357115,False,2024-05-08 08:00:00,11.34,19.845
2024-05-10 14:00:00,2024-05-10 16:00:00,long,18134.15,18146.02,18090.40467857143,18265.385964285713,2.17,9.869999999998981,13.82289999999779,0.10913166081692284,SessionEnd,12680.082990357112,False,2024-05-09 19:00:00,4.34,7.595
2024-05-14 12:00:00,2024-05-14 13:00:00,short,18195.31,18213.758749999997,18213.758749999997,18139.963750000014,5.15,-20.448749999995925,-123.33606249997904,-0.9726755147720487,SL,12556.746927857133,False,2024-05-13 19:00:00,10.3,18.025000000000002
2024-05-14 14:00:00,2024-05-14 16:00:00,long,18237.59,18228.79,18157.41378571429,18478.118642857135,1.17,-10.799999999999272,-16.73099999999915,-0.13324310903233574,SessionEnd,12540.015927857134,False,2024-05-13 13:00:00,2.34,4.095
2024-05-15 12:00:00,2024-05-15 13:00:00,long,18330.71,18399.46571428571,18307.79142857143,18399.46571428571,4.1,66.75571428571129,259.34842857141626,2.068166659942467,TP,12799.36435642855,False,2024-05-15 00:00:00,8.2,14.349999999999998
2024-05-20 11:00:00,2024-05-20 12:00:00,long,18598.95,18589.184571428574,18589.184571428574,18628.246285714282,9.83,-11.765428571427037,-150.05916285712777,-1.172395430572767,SL,12649.305193571423,False,2024-05-20 03:00:00,19.66,34.405
2024-05-22 13:00:00,2024-05-22 14:00:00,long,18745.85,18733.7725,18733.7725,18782.082499999997,7.86,-14.077499999999418,-138.15914999999544,-1.092227184701102,SL,12511.146043571427,False,2024-05-22 02:00:00,15.72,27.51
2024-05-28 10:00:00,2024-05-28 12:00:00,long,18901.43,18846.209071428573,18846.209071428573,19067.09278571428,1.7,-57.220928571427066,-103.22557857142601,-0.8250689282335263,SL,12407.920465000001,False,2024-05-27 22:00:00,3.4,5.95
2024-05-28 14:00:00,2024-05-28 16:00:00,long,18818.47,18866.38,18818.97,18954.457857142854,2.05,45.909999999999854,86.9404999999997,0.7006855036284254,SessionEnd,12494.860965,True,2024-05-26 23:00:00,4.1,7.174999999999999
2024-05-29 14:00:00,2024-05-29 16:00:00,short,18807.13,18819.87,18880.91417857143,18585.77746428571,1.27,-14.739999999997963,-23.164799999997413,-0.18539461995524023,SessionEnd,12471.696165000003,False,2024-05-28 14:00:00,2.54,4.445
2024-05-30 12:00:00,2024-05-30 16:00:00,short,18726.4,18645.23,18664.002857142856,18502.87182142858,1.26,79.17000000000189,95.34420000000239,0.7644846277411086,SessionEnd,12567.040365000006,True,2024-05-29 13:00:00,2.52,4.41
2024-06-03 14:00:00,2024-06-03 16:00:00,short,18604.46,18492.551642857135,18603.96,18492.551642857135,2.53,109.90835714286368,269.2131435714451,2.142215953417485,TP,12836.253508571452,True,2024-06-03 06:00:00,5.06,8.854999999999999
2024-06-07 12:00:00,2024-06-07 14:00:00,short,19022.21,19021.71,19021.71,18903.91249999999,2.44,-1.5,-12.2,-0.09504330832865998,SL,12824.053508571451,True,2024-06-06 17:00:00,4.88,8.54
2024-06-10 14:00:00,2024-06-10 16:00:00,long,19019.5,19093.96685714286,19020.0,19093.96685714286,3.87,72.46685714285923,266.9017371428652,2.0812587608471156,TP,13090.955245714316,True,2024-06-09 23:00:00,7.74,13.545
2024-06-11 14:00:00,2024-06-11 15:00:00,long,19084.9,19066.805035714286,19066.805035714286,19139.18489285715,5.43,-20.094964285715832,-128.12065607143697,-0.9786960054987643,SL,12962.83458964288,False,2024-06-11 06:00:00,10.86,19.005
2024-06-14 09:00:00,2024-06-14 16:00:00,long,19573.12,19614.15,19479.304178571427,19854.567464285716,1.04,39.030000000002474,36.95120000000257,0.2850549372089192,SessionEnd,12999.785789642883,False,2024-06-13 16:00:00,2.08,3.64
2024-06-17 15:00:00,2024-06-17 16:00:00,long,19709.73,19800.763071428573,19679.38564285714,19800.763071428573,3.21,89.03307142857375,274.5611592857217,2.11204371924704,TP,13274.346948928605,False,2024-06-17 08:00:00,6.42,11.235
2024-06-20 14:00:00,2024-06-20 16:00:00,short,19944.86,19867.668071428572,19944.36,19867.668071428572,3.87,75.19192857142843,277.447763571428,2.0901048062015684,TP,13551.794712500034,True,2024-06-19 06:00:00,7.74,13.545
2024-06-24 14:00:00,2024-06-24 16:00:00,short,19705.1,19589.24,19670.304285714286,19569.01196428571,2.24,113.85999999999694,247.20639999999318,1.8241598640213506,SessionEnd,13799.001112500027,True,2024-06-21 20:00:00,4.48,7.840000000000001
2024-06-27 13:00:00,2024-06-27 15:00:00,long,19744.51,19745.01,19745.01,19966.565392857137,1.4,-1.5,-6.999999999999999,-0.050728309556109435,SL,13792.001112500027,True,2024-06-26 12:00:00,2.8,4.8999999999999995
2024-06-28 13:00:00,2024-06-28 14:00:00,long,19809.71,19999.324892857137,19746.505035714286,19999.324892857137,1.64,187.61489285713833,301.94842428570684,2.189301043574044,TP,14093.949536785734,False,2024-06-27 14:00:00,3.28,5.739999999999999
2024-06-28 15:00:00,2024-06-28 16:00:00,long,19847.23,19826.720178571428,19826.720178571428,19908.759464285715,5.15,-22.50982142857174,-133.95058035714447,-0.950411948102471,SL,13959.99895642859,False,2024-06-28 00:00:00,10.3,18.025000000000002
2024-07-01 13:00:00,2024-07-01 16:00:00,short,19749.23,19741.833214285714,19741.833214285714,19430.22424999999,0.98,5.396785714285215,1.858849999999511,0.01331554540799954,SL,13961.857806428588,True,2024-06-27 13:00:00,1.96,3.4299999999999997
2024-07-02 13:00:00,2024-07-02 14:00:00,long,19776.0,19884.368892857143,19739.877035714286,19884.368892857143,2.9,106.36889285714278,298.3197892857141,2.1366768908673164,TP,14260.177595714302,False,2024-07-02 06:00:00,5.8,10.15
2024-07-05 12:00:00,2024-07-05 13:00:00,long,20177.84,20268.135607142856,20147.741464285715,20268.135607142856,3.55,88.29560714285617,301.02440535713936,2.110944294604073,TP,14561.20200107144,False,2024-07-04 13:00:00,7.1,12.424999999999999
2024-07-08 13:00:00,2024-07-08 16:00:00,long,20396.06,20412.319285714286,20412.319285714286,20498.149892857142,3.21,14.259285714284488,34.53730714285321,0.23718719883366696,SL,14595.739308214293,True,2024-07-05 18:00:00,6.42,11.235
2024-07-09 13:00:00,2024-07-09 14:00:00,long,20523.38,20502.076035714286,20502.076035714286,20587.291892857145,5.14,-23.303964285714756,-137.77237642857384,-0.9439218769208718,SL,14457.966931785719,False,2024-07-09 00:00:00,10.28,17.99
2024-07-11 14:00:00,2024-07-11 15:00:00,short,20512.62,20364.80121428572,20561.892928571426,20364.80121428572,2.2,145.81878571428024,313.10132857141656,2.1655972105114305,TP,14771.068260357135,False,2024-07-10 15:00:00,4.4,7.700000000000001
2024-07-18 14:00:00,2024-07-18 15:00:00,short,19844.96,19710.245535714283,19889.86482142857,19710.245535714283,2.47,132.71446428571653,319.1597267857199,2.1607084955546965,TP,15090.227987142855,False,2024-07-17 22:00:00,4.94,8.645000000000001
2024-07-22 10:00:00,2024-07-22 13:00:00,short,19705.59,19775.28992857143,19775.28992857143,19496.49021428571,1.62,-71.69992857143006,-121.82388428571672,-0.8073031394191847,SL,14968.404102857137,False,2024-07-18 20:00:00,3.24,5.67
2024-07-29 09:00:00,2024-07-29 15:00:00,long,19119.23,18982.59592857143,18982.59592857143,19529.132214285706,0.82,-138.63407142856886,-116.54993857142647,-0.7786397118259231,SL,14851.85416428571,False,2024-07-26 17:00:00,1.64,2.8699999999999997
2024-07-29 15:00:00,2024-07-29 16:00:00,long,19036.23,19157.45,19050.992857142857,19301.273678571426,1.26,119.22000000000116,145.80720000000147,0.9817440865439172,SessionEnd,14997.661364285712,True,2024-07-26 18:00:00,2.52,4.41
2024-07-30 13:00:00,2024-07-30 14:00:00,short,19134.88,19032.682749999996,19168.945750000003,19032.682749999996,3.3,100.19725000000471,319.10092500001554,2.1276712231941586,TP,15316.762289285727,False,2024-07-29 03:00:00,6.6,11.549999999999999
2024-07-31 12:00:00,2024-07-31 14:00:00,long,19122.61,19339.641357142867,19150.260714285716,19339.641357142867,1.59,215.0313571428669,336.3348578571584,2.195861315236504,TP,15653.097147142886,True,2024-07-30 13:00:00,3.18,5.565
2024-08-01 14:00:00,2024-08-01 15:00:00,short,19450.92,19202.54303571428,19533.71232142857,19202.54303571428,1.42,246.3769642857187,344.88528928572055,2.2033038321024634,TP,15997.982436428607,False,2024-08-01 07:00:00,2.84,4.97
2024-08-06 14:00:00,2024-08-06 16:00:00,long,17997.9,18327.624642857147,18027.514285714286,18327.624642857147,1.09,327.7246428571452,353.4048607142883,2.2090589367666693,TP,16351.387297142895,True,2024-08-05 16:00:00,2.18,3.8150000000000004
2024-08-07 13:00:00,2024-08-07 15:00:00,long,18310.3,18310.8,18310.8,18463.446785714284,2.4,-1.5,-12.0,-0.0733882684198715,SL,16339.387297142895,True,2024-08-06 18:00:00,4.8,8.4
2024-08-09 11:00:00,2024-08-09 12:00:00,long,18409.2,18353.976071428573,18353.976071428573,18574.871785714284,2.22,-57.22392857142768,-134.80712142856945,-0.8250439198056209,SL,16204.580175714325,False,2024-08-08 18:00:00,4.44,7.7700000000000005
2024-08-12 13:00:00,2024-08-12 14:00:00,long,18432.0,18630.003214285713,18365.99892857143,18630.003214285713,1.84,196.0032142857126,354.20591428571123,2.1858382657549917,TP,16558.786090000038,False,2024-08-09 15:00:00,3.68,6.44
2024-08-13 10:00:00,2024-08-13 16:00:00,long,18559.4,18977.0,18875.760714285716,18982.589642857143,0.88,415.59999999999854,362.6479999999987,2.190063921527462,SessionEnd,16921.434090000035,True,2024-08-12 13:00:00,1.76,3.08
2024-08-14 15:00:00,2024-08-14 16:00:00,long,19020.0,18981.615357142855,18981.615357142855,19135.153928571435,3.31,-40.38464285714508,-145.25816785715023,-0.8584270522496237,SL,16776.175922142884,False,2024-08-13 22:00:00,6.62,11.585
2024-08-15 10:00:00,2024-08-15 15:00:00,long,19037.3,19417.875714285707,19281.446428571428,19417.875714285707,0.99,378.57571428570736,371.32495714285034,2.213406433421685,TP,17147.500879285733,True,2024-08-14 13:00:00,1.98,3.465
2024-08-21 13:00:00,2024-08-21 14:00:00,long,19760.0,19732.71214285714,19732.71214285714,19841.863571428577,4.71,-29.28785714285914,-154.4308071428665,-0.9006024156524156,SL,16993.070072142866,False,2024-08-21 05:00:00,9.42,16.485
2024-08-22 14:00:00,2024-08-22 15:00:00,long,19792.4,19714.982500000002,19714.982500000002,20024.6525,1.65,-79.41749999999956,-136.81387499999929,-0.8051156996302948,SL,16856.256197142866,False,2024-08-21 14:00:00,3.3,5.7749999999999995
2024-08-22 15:00:00,2024-08-22 16:00:00,short,19817.2,19724.706785714294,19848.03107142857,19724.706785714294,4.1,90.49321428570693,356.6721785713983,2.115963203216229,TP,17212.928375714266,False,2024-08-21 20:00:00,8.2,14.349999999999998
2024-08-26 11:00:00,2024-08-26 13:00:00,long,19722.0,19650.578928571427,19650.578928571427,19936.26321428572,1.81,-73.42107142857276,-139.2271392857167,-0.8088521386178099,SL,17073.701236428547,False,2024-08-25 22:00:00,3.62,6.335
2024-08-27 14:00:00,2024-08-27 15:00:00,long,19501.5,19594.855714285713,19470.38142857143,19594.855714285713,4.11,91.35571428571347,361.08698571428243,2.1148723449832025,TP,17434.78822214283,False,2024-08-27 00:00:00,8.22,14.385000000000002
2024-08-28 13:00:00,2024-08-28 15:00:00,short,19552.6,19336.41464285714,19456.87857142857,19336.41464285714,1.81,214.18535714285827,381.3404964285735,2.1872390508549846,TP,17816.128718571403,True,2024-08-27 17:00:00,3.62,6.335
2024-09-02 14:00:00,2024-09-02 16:00:00,long,19557.4,19597.73,19557.9,19683.746714285713,3.17,38.32999999999811,110.41109999999401,0.6197255405148835,SessionEnd,17926.539818571397,True,2024-09-01 22:00:00,6.34,11.094999999999999
2024-09-05 13:00:00,2024-09-05 14:00:00,long,18899.08,19079.989428571436,18838.776857142857,19079.989428571436,2.23,178.90942857143455,391.163025714299,2.182033062002657,TP,18317.702844285697,False,2024-09-05 06:00:00,4.46,7.805
2024-09-05 15:00:00,2024-09-05 16:00:00,short,18867.08,18920.08717857143,18920.08717857143,18708.058464285717,2.59,-55.007178571428085,-151.53359249999872,-0.8272521603180739,SL,18166.169251785697,False,2024-09-05 05:00:00,5.18,9.065
2024-09-10 12:00:00,2024-09-10 14:00:00,long,18702.5,18703.0,18703.0,18822.97367857143,3.39,-1.5,-16.95,-0.09330530705219456,SL,18149.219251785697,True,2024-09-09 22:00:00,6.78,11.865
2024-09-11 14:00:00,2024-09-11 15:00:00,short,18706.56,18741.624035714285,18741.624035714285,18601.36789285715,3.88,-37.06403571428382,-157.3884585714212,-0.8671913451920847,SL,17991.830793214274,False,2024-09-11 05:00:00,7.76,13.58
2024-09-13 14:00:00,2024-09-13 15:00:00,long,19425.34,19519.730285714293,19393.87657142857,19519.730285714293,4.29,92.39028571429299,381.33932571431694,2.119513739858766,TP,18373.170118928592,False,2024-09-13 02:00:00,8.58,15.015
2024-09-16 14:00:00,2024-09-16 16:00:00,short,19426.56,19377.57,19426.06,19246.109035714293,2.29,46.9900000000016,99.59210000000367,0.5420518035556688,SessionEnd,18472.762218928598,True,2024-09-13 13:00:00,4.58,8.015
2024-09-18 15:00:00,2024-09-18 16:00:00,short,19449.43,19466.63,19448.93,19339.385178571425,3.78,-19.200000000000728,-85.80600000000275,-0.46450010552336024,SessionEnd,18386.956218928593,True,2024-09-18 06:00:00,7.56,13.229999999999999
2024-09-23 09:00:00,2024-09-23 16:00:00,long,19828.94,19818.76,19747.147714285715,20074.31685714285,1.69,-12.180000000000291,-26.49920000000049,-0.14411955782393546,SessionEnd,18360.45701892859,False,2024-09-20 13:00:00,3.38,5.915
2024-09-24 11:00:00,2024-09-24 14:00:00,long,19862.04,19862.54,19862.54,20052.37607142858,2.17,-1.5,-10.85,-0.05909438958308208,SL,18349.607018928593,True,2024-09-23 13:00:00,4.34,7.595
2024-09-25 13:00:00,2024-09-25 16:00:00,long,19943.74,19951.01107142857,19951.01107142857,20134.99439285714,2.16,5.271071428567666,3.8255142857061593,0.0208479357719211,SL,18353.432533214298,True,2024-09-24 18:00:00,4.32,7.5600000000000005
2024-09-27 12:00:00,2024-09-27 14:00:00,long,20132.61,20067.18735714286,20067.18735714286,20328.877928571426,2.1,-67.42264285714191,-148.937549999998,-0.8114969760041615,SL,18204.4949832143,False,2024-09-27 05:00:00,4.2,7.3500000000000005
2024-10-01 13:00:00,2024-10-01 14:00:00,short,20060.27,19958.00053571429,20094.35982142857,19958.00053571429,4.01,100.26946428570955,388.04555178569524,2.1315919620044275,TP,18592.540534999993,False,2024-10-01 07:00:00,8.02,14.035
2024-10-10 15:00:00,2024-10-10 16:00:00,long,20283.74,20250.198857142856,20250.198857142856,20384.36342857144,4.16,-35.54114285714604,-162.41115428572755,-0.8735285744301194,SL,18430.129380714265,False,2024-10-10 05:00:00,8.32,14.56
2024-10-11 15:00:00,2024-10-11 16:00:00,long,20265.94,20261.63,20184.491749999997,20510.284750000003,1.7,-6.309999999997672,-16.676999999996042,-0.09048769900360688,SessionEnd,18413.45238071427,False,2024-10-10 18:00:00,3.4,5.95
2024-10-15 14:00:00,2024-10-15 15:00:00,short,20449.61,20367.176428571427,20477.08785714286,20367.176428571427,5.03,80.43357142857349,386.97586428572464,2.1015932063399054,TP,18800.428244999992,False,2024-10-14 20:00:00,10.06,17.605
2024-10-16 13:00:00,2024-10-16 14:00:00,short,20212.08,20143.06746428572,20235.08417857143,20143.06746428572,6.13,67.01253571428242,389.3318439285513,2.070866891194858,TP,19189.760088928542,False,2024-10-16 07:00:00,12.26,21.455
2024-10-22 14:00:00,2024-10-22 16:00:00,long,20323.88,20324.38,20324.38,20403.00864285715,5.46,-1.5,-27.299999999999997,-0.1422633731400875,SL,19162.460088928543,True,2024-10-22 04:00:00,10.92,19.11
2024-10-24 10:00:00,2024-10-24 16:00:00,short,20248.48,20217.47,20238.235,20114.681392857143,3.22,29.0099999999984,82.14219999999486,0.42866208001891154,SessionEnd,19244.602288928538,True,2024-10-22 11:00:00,6.44,11.270000000000001
2024-10-29 14:00:00,2024-10-29 15:00:00,long,20419.17,20495.405571428564,20393.758142857143,20495.405571428564,5.68,74.23557142856589,401.77804571425423,2.0877440836768972,TP,19646.380334642792,False,2024-10-29 07:00:00,11.36,19.88
2024-11-05 14:00:00,2024-11-05 16:00:00,long,20079.92,20233.94,20155.931428571428,20509.752928571423,1.03,152.02000000000044,152.97560000000047,0.7786452129823427,SessionEnd,19799.355934642794,True,2024-11-04 16:00:00,2.06,3.605
2024-11-19 13:00:00,2024-11-19 14:00:00,short,20479.58,20349.181678571444,20523.046107142854,20349.181678571444,3.42,128.39832142855812,427.1522592856687,2.1574048201147966,TP,20226.50819392846,False,2024-11-18 10:00:00,6.84,11.969999999999999
2024-11-21 15:00:00,2024-11-21 16:00:00,long,20538.24,20661.18,20538.74,20734.165285714287,2.32,120.93999999999869,272.46079999999694,1.3470481280688058,SessionEnd,20498.968993928458,True,2024-11-20 18:00:00,4.64,8.12
2024-11-22 14:00:00,2024-11-22 15:00:00,long,20752.92,20682.936214285714,20682.936214285714,20962.871357142853,2.2,-71.98378571428475,-166.06432857142644,-0.8101106383477756,SL,20332.904665357033,False,2024-11-22 03:00:00,4.4,7.700000000000001
2024-11-26 11:00:00,2024-11-26 16:00:00,long,20846.5,20908.32,20847.0,21178.712928571433,1.38,59.81999999999971,77.7215999999996,0.38224543555953794,SessionEnd,20410.626265357034,True,2024-11-25 23:00:00,2.76,4.83
2024-11-29 09:00:00,2024-11-29 12:00:00,long,20847.15,20821.782321428575,20821.782321428575,20923.253035714282,6.03,-27.36767857142695,-186.1321017857045,-0.91193723977802,SL,20224.49416357133,False,2024-11-28 16:00:00,12.06,21.105
2024-12-06 14:00:00,2024-12-06 15:00:00,long,21477.35,21562.118964285717,21449.093678571426,21562.118964285717,5.37,82.76896428571854,425.67433821430853,2.1047465255325877,TP,20650.168501785636,False,2024-12-05 15:00:00,10.74,18.795
2024-12-09 09:00:00,2024-12-09 10:00:00,long,21625.71,21587.980785714288,21587.980785714288,21738.897642857133,4.1,-39.72921428571135,-177.2397785714165,-0.8582970088408258,SL,20472.92872321422,False,2024-12-06 21:00:00,8.2,14.349999999999998
2024-12-11 14:00:00,2024-12-11 15:00:00,long,21524.04,21694.45232142858,21467.23589285714,21694.45232142858,2.7,168.41232142857916,445.2632678571638,2.1748879892903674,TP,20918.191991071384,False,2024-12-10 15:00:00,5.4,9.450000000000001
2024-12-13 15:00:00,2024-12-13 16:00:00,short,21683.87,21707.637964285714,21707.637964285714,21612.566107142855,6.6,-25.767964285714697,-193.168564285717,-0.923447706991924,SL,20725.02342678567,False,2024-12-13 04:00:00,13.2,23.099999999999998
2024-12-30 12:00:00,2024-12-30 13:00:00,short,21274.59,21162.074571428573,21312.095142857142,21162.074571428573,4.14,110.51542857142704,443.0438742857079,2.1377243593997783,TP,21168.067301071376,False,2024-12-27 17:00:00,8.28,14.489999999999998
2025-01-10 13:00:00,2025-01-10 14:00:00,short,21014.61,20838.292178571435,21073.382607142856,20838.292178571435,2.7,174.31782142856537,461.2081178571265,2.1787918155087476,TP,21629.275418928504,False,2025-01-10 07:00:00,5.4,9.450000000000001
2025-01-15 13:00:00,2025-01-15 14:00:00,long,20847.39,20931.711321428567,20819.282892857143,20931.711321428567,5.77,82.3213214285679,454.79902464283674,2.1027011577319272,TP,22084.074443571342,False,2025-01-14 06:00:00,11.54,20.195
2025-01-17 15:00:00,2025-01-17 16:00:00,long,21351.42,21381.48,21351.92,21536.826857142856,2.68,28.06000000000131,65.82080000000352,0.2980464504780906,SessionEnd,22149.895243571347,True,2025-01-16 08:00:00,5.36,9.38
2025-01-24 14:00:00,2025-01-24 15:00:00,long,21860.96,21823.365892857142,21823.365892857142,21973.74232142857,4.42,-39.594107142856956,-190.47595357142774,-0.8599406519843941,SL,21959.419289999918,False,2025-01-23 21:00:00,8.84,15.469999999999999
2025-01-30 12:00:00,2025-01-30 15:00:00,long,21456.16,21456.66,21456.66,21655.705642857145,2.48,-1.5,-12.399999999999999,-0.05646779560171168,SL,21947.019289999917,True,2025-01-28 20:00:00,4.96,8.68
2025-02-03 15:00:00,2025-02-03 16:00:00,short,21306.57,21241.44,21486.56257142857,20766.592285714287,0.91,63.13000000000102,54.263300000000925,0.24724678683235046,SessionEnd,22001.28258999992,False,2025-01-30 16:00:00,1.82,3.185
2025-02-04 15:00:00,2025-02-04 16:00:00,long,21459.18,21520.25,21459.68,21624.73671428571,2.99,59.06999999999971,166.15429999999913,0.7552027902024222,SessionEnd,22167.436889999917,True,2025-02-03 23:00:00,5.98,10.465
2025-02-07 14:00:00,2025-02-07 15:00:00,long,21744.21,21627.035464285713,21627.035464285713,22095.733607142858,1.42,-119.17453571428632,-174.19784071428657,-0.7858276154284215,SL,21993.239049285632,False,2025-02-06 21:00:00,2.84,4.97
2025-02-07 15:00:00,2025-02-07 16:00:00,short,21735.06,21608.868107142862,21777.123964285714,21608.868107142862,3.92,124.19189285713946,473.1122199999867,2.151171180105706,TP,22466.35126928562,False,2025-02-07 01:00:00,7.84,13.719999999999999
2025-02-12 13:00:00,2025-02-12 15:00:00,short,21579.3,21578.8,21578.8,21161.637857142854,1.21,-1.5,-6.049999999999999,-0.02692916142672052,SL,22460.30126928562,True,2025-02-11 14:00:00,2.42,4.234999999999999
2025-02-13 09:00:00,2025-02-13 16:00:00,long,21740.3,21872.2,21416.418928571427,22711.943214285715,0.52,129.90000000000146,65.72800000000076,0.2926407763278027,SessionEnd,22526.02926928562,False,2025-02-12 13:00:00,1.04,1.82
2025-02-14 15:00:00,2025-02-14 16:00:00,long,22054.6,22017.71607142857,22017.71607142857,22165.25178571428,4.58,-38.88392857142753,-194.1183928571381,-0.8617514899610813,SL,22331.910876428483,False,2025-02-14 05:00:00,9.16,16.03
2025-02-18 09:00:00,2025-02-18 13:00:00,long,22196.6,22197.1,22197.1,22244.42749999999,10.51,-1.5,-52.55,-0.23531349507339722,SL,22279.360876428484,True,2025-02-17 05:00:00,21.02,36.785
2025-02-20 14:00:00,2025-02-20 15:00:00,short,22089.5,22008.89857142857,22116.367142857143,22008.89857142857,6.22,78.60142857143,467.1308857142946,2.096697873449853,TP,22746.491762142778,False,2025-02-20 02:00:00,12.44,21.77
2025-02-21 14:00:00,2025-02-21 15:00:00,short,22066.4,22000.728928571443,22088.290357142854,22000.728928571443,7.79,63.67107142855821,468.73264642846846,2.060681055038936,TP,23215.224408571245,False,2025-02-21 08:00:00,15.58,27.265
2025-02-24 14:00:00,2025-02-24 15:00:00,short,21689.5,21593.787142857145,21721.404285714285,21593.787142857145,5.46,93.71285714285477,492.56219999998706,2.1217206059749705,TP,23707.78660857123,False,2025-02-24 08:00:00,10.92,19.11
2025-02-27 14:00:00,2025-02-27 15:00:00,short,21237.7,20982.283214285726,21322.838928571426,20982.283214285726,2.09,253.41678571427474,522.3260821428341,2.2031836660533894,TP,24230.112690714064,False,2025-02-26 15:00:00,4.18,7.3149999999999995
2025-03-07 13:00:00,2025-03-07 14:00:00,short,20128.6,20160.613928571427,20160.613928571427,20032.558214285713,5.68,-34.01392857142855,-213.07911428571416,-0.8793979500036517,SL,24017.03357642835,False,2025-03-07 04:00:00,11.36,19.88
2025-03-12 15:00:00,2025-03-12 16:00:00,long,19394.3,19596.2,19426.914285714287,19830.748571428565,1.24,199.90000000000146,243.5360000000018,1.0140136550378207,SessionEnd,24260.569576428352,True,2025-03-11 16:00:00,2.48,4.34
2025-03-14 15:00:00,2025-03-14 16:00:00,long,19579.1,19659.3,19579.6,19752.603928571425,3.15,78.20000000000073,235.30500000000228,0.9699071543177016,SessionEnd,24495.874576428356,True,2025-03-13 10:00:00,6.3,11.025
2025-03-17 12:00:00,2025-03-17 14:00:00,long,19661.4,19689.335714285713,19689.335714285713,19887.062678571438,2.44,25.935714285711583,54.74314285713626,0.2234790298518835,SL,24550.617719285492,True,2025-03-14 17:00:00,4.88,8.54
2025-03-19 13:00:00,2025-03-19 16:00:00,long,19521.05,19654.8,19605.4,19795.03571428571,2.02,131.75,259.065,1.055228031172894,SessionEnd,24809.68271928549,True,2025-03-18 19:00:00,4.04,7.07
2025-03-28 10:00:00,2025-03-28 12:00:00,short,19766.4,19677.046607142864,19765.9,19677.046607142864,6.25,87.3533928571378,524.0837053571113,2.1124159921227914,TP,25333.766424642603,True,2025-03-28 00:00:00,12.5,21.875
2025-04-08 11:00:00,2025-04-08 12:00:00,long,17626.0,17873.07892857142,17543.64035714286,17873.07892857142,2.31,245.07892857141997,558.0473249999801,2.2027807300581945,TP,25891.813749642584,False,2025-04-08 00:00:00,4.62,8.085
2025-04-14 09:00:00,2025-04-14 15:00:00,long,18972.3,18778.107857142855,18778.107857142855,19554.87642857143,1.0,-196.19214285714406,-199.69214285714406,-0.7712559065503886,SL,25692.12160678544,False,2025-04-13 22:00:00,2.0,3.5
2025-04-22 13:00:00,2025-04-22 16:00:00,long,18035.5,18280.790178571424,18146.39285714286,18280.790178571424,2.36,243.2901785714239,565.9048214285604,2.202639509845312,TP,26258.026428214,True,2025-04-22 07:00:00,4.72,8.26
2025-04-28 14:00:00,2025-04-28 15:00:00,long,19331.95,19271.3075,19271.3075,19513.877500000006,3.25,-62.642500000001746,-214.96312500000568,-0.8186568232296005,SL,26043.063303213996,False,2025-04-25 04:00:00,6.5,11.375
2025-04-30 12:00:00,2025-04-30 13:00:00,short,19402.35,19313.92124999999,19431.826250000002,19313.92124999999,6.63,86.42875000001004,549.8176125000665,2.111186407292621,TP,26592.880915714064,False,2025-04-30 03:00:00,13.26,23.205
2025-05-08 15:00:00,2025-05-08 16:00:00,long,19924.95,20095.53910714286,19868.086964285714,20095.53910714286,3.51,168.58910714285958,579.4627660714372,2.1790146314272607,TP,27172.3436817855,False,2025-05-07 05:00:00,7.02,12.285
2025-05-15 15:00:00,2025-05-15 16:00:00,long,21263.4,21380.074821428574,21224.508392857144,21380.074821428574,5.24,114.67482142857261,582.5560642857205,2.143930133918579,TP,27754.89974607122,False,2025-05-14 12:00:00,10.48,18.34
2025-05-20 09:00:00,2025-05-20 16:00:00,long,21355.05,21384.5,21228.061071428572,21736.01678571428,1.64,27.450000000000728,39.278000000001185,0.14151735498724363,SessionEnd,27794.177746071222,False,2025-05-16 14:00:00,3.28,5.739999999999999
2025-05-21 11:00:00,2025-05-21 14:00:00,short,21272.7,21385.07875,21385.07875,20935.56375,1.85,-114.37874999999985,-218.07568749999973,-0.78460924259875,SL,27576.10205857122,False,2025-05-20 19:00:00,3.7,6.4750000000000005
2025-05-21 15:00:00,2025-05-21 16:00:00,long,21386.5,21444.55,21387.0,21574.13071428571,3.31,56.04999999999927,173.9404999999976,0.630765362089793,SessionEnd,27750.04255857122,True,2025-05-20 17:00:00,6.62,11.585
2025-05-22 14:00:00,2025-05-22 16:00:00,short,21195.0,21194.5,21194.5,21050.54196428572,4.32,-1.5,-21.6,-0.07783771846262759,SL,27728.44255857122,True,2025-05-21 10:00:00,8.64,15.120000000000001
2025-05-27 11:00:00,2025-05-27 13:00:00,long,21218.4,21218.9,21218.9,21291.18214285715,8.57,-1.5,-42.85,-0.15453446369909626,SL,27685.59255857122,True,2025-05-26 12:00:00,17.14,29.995
2025-05-28 10:00:00,2025-05-28 13:00:00,long,21420.25,21420.75,21420.75,21545.482857142855,4.97,-1.5,-24.85,-0.08975787658301955,SL,27660.742558571223,True,2025-05-27 18:00:00,9.94,17.395
2025-05-30 13:00:00,2025-05-30 14:00:00,short,21262.1,21313.538928571426,21313.538928571426,21107.783214285715,4.03,-53.43892857142782,-229.46388214285412,-0.8295651559496917,SL,27431.27867642837,False,2025-05-30 00:00:00,8.06,14.105
2025-06-04 12:00:00,2025-06-04 14:00:00,long,21663.75,21664.25,21664.25,21800.280000000006,4.52,-1.5,-22.599999999999998,-0.0823877015234442,SL,27408.67867642837,True,2025-06-03 20:00:00,9.04,15.819999999999999
2025-06-05 10:00:00,2025-06-05 12:00:00,long,21723.3,21688.06625,21688.06625,21829.001249999998,5.83,-37.23374999999942,-237.4777624999966,-0.8664327284927781,SL,27171.200913928376,False,2025-06-04 15:00:00,11.66,20.405
2025-06-10 11:00:00,2025-06-10 15:00:00,long,21781.9,21782.4,21782.4,21873.251071428585,6.69,-1.5,-33.45,-0.12310828699092582,SL,27137.750913928376,True,2025-06-09 12:00:00,13.38,23.415000000000003
2025-06-10 15:00:00,2025-06-10 16:00:00,long,21773.15,21884.0,21793.523214285717,22059.645178571438,2.13,108.84999999999854,224.39549999999687,0.8268758185293332,SessionEnd,27362.14641392837,True,2025-06-06 16:00:00,4.26,7.455
2025-06-11 12:00:00,2025-06-11 16:00:00,long,21950.15,21950.65,21950.65,22147.614821428575,3.12,-1.5,-15.6,-0.057013071138523726,SL,27346.546413928372,True,2025-06-10 23:00:00,6.24,10.92
2025-06-13 13:00:00,2025-06-13 14:00:00,short,21749.35,21615.316428571423,21794.027857142857,21615.316428571423,4.59,132.03357142857567,589.9690928571622,2.1573806210376687,TP,27936.515506785534,False,2025-06-12 08:00:00,9.18,16.064999999999998
2025-06-20 14:00:00,2025-06-20 15:00:00,short,21678.1,21566.95,21715.149999999998,21566.95,5.66,109.14999999999782,597.9789999999878,2.1404924313296836,TP,28534.494506785522,False,2025-06-20 07:00:00,11.32,19.810000000000002
2025-06-25 10:00:00,2025-06-25 12:00:00,long,22203.6,22278.408214285704,22229.042857142857,22278.408214285704,8.58,72.80821428570562,594.6644785713543,2.084019671103487,TP,29129.158985356877,True,2025-06-24 19:00:00,17.16,30.03
2025-07-01 14:00:00,2025-07-01 15:00:00,short,22601.9,22479.61035714287,22642.663214285712,22479.61035714287,5.36,120.289642857133,625.992485714233,2.149023547260383,TP,29755.15147107111,False,2025-06-30 18:00:00,10.72,18.76
2025-07-02 14:00:00,2025-07-02 15:00:00,long,22503.6,22607.298214285707,22469.03392857143,22607.298214285707,6.46,101.69821428570867,634.3604642856781,2.131934918571741,TP,30389.511935356786,False,2025-07-02 01:00:00,12.92,22.61
2025-07-09 13:00:00,2025-07-09 15:00:00,long,22745.5,22746.0,22746.0,22943.579285714288,3.45,-1.5,-17.25,-0.05676300440985505,SL,30372.261935356786,True,2025-07-08 13:00:00,6.9,12.075000000000001
2025-07-10 11:00:00,2025-07-10 13:00:00,long,22858.3,22833.466785714285,22833.466785714285,22932.799642857142,9.17,-26.833214285714348,-278.15557500000057,-0.9158210725036441,SL,30094.106360356785,False,2025-07-09 20:00:00,18.34,32.095
2025-07-10 13:00:00,2025-07-10 15:00:00,short,22797.0,22796.5,22796.5,22681.518214285705,5.86,-1.5,-29.300000000000004,-0.09736125621791891,SL,30064.806360356786,True,2025-07-10 02:00:00,11.72,20.51
2025-07-16 12:00:00,2025-07-16 13:00:00,long,22850.5,22815.801785714288,22815.801785714288,22954.594642857137,6.5,-36.69821428571231,-261.28839285713,-0.8690839040349276,SL,29803.517967499654,False,2025-07-16 05:00:00,13.0,22.75
2025-07-18 09:00:00,2025-07-18 14:00:00,long,23110.5,23062.83392857143,23062.83392857143,23253.498214285715,4.69,-49.66607142857174,-249.34887500000147,-0.8366424234612609,SL,29554.169092499655,False,2025-07-17 18:00:00,9.38,16.415000000000003
2025-07-21 13:00:00,2025-07-21 14:00:00,long,23102.3,23171.963214285715,23079.078928571427,23171.963214285715,9.55,67.6632142857161,612.7586964285888,2.0733409709836725,TP,30166.927788928242,False,2025-07-18 13:00:00,19.1,33.425000000000004
