entry_time,exit_time,direction,entry_price,exit_price,sl,tp,lots,pnl_points,pnl_dollars,pnl_pct,reason,capital,be_moved,ob_formed
2024-01-05 14:00:00,2024-01-05 15:00:00,short,16294.3,16384.635357142855,16384.635357142855,16023.293928571431,0.83,-90.33535714285608,-74.97834642857055,-0.7497834642857055,SL,9925.02165357143,False,2024-01-04 15:00:00
2024-01-08 14:00:00,2024-01-08 16:00:00,long,16406.0,16520.1,16457.742857142857,16630.664642857144,0.99,114.09999999999854,112.95899999999855,1.1381234615176006,SessionEnd,10037.980653571429,True,2024-01-05 16:00:00
2024-01-10 11:00:00,2024-01-10 16:00:00,long,16692.5,16728.1,16693.0,16844.345000000005,1.49,35.599999999998545,53.04399999999783,0.5284329770164005,SessionEnd,10091.024653571427,True,2024-01-09 18:00:00
2024-01-16 13:00:00,2024-01-16 15:00:00,short,16778.1,16836.645714285714,16836.645714285714,16602.46285714285,1.29,-58.5457142857158,-75.52397142857339,-0.7484271817911362,SL,10015.500682142854,False,2024-01-12 08:00:00
2024-01-22 12:00:00,2024-01-22 13:00:00,long,17424.6,17406.537500000002,17406.537500000002,17478.787499999988,4.16,-18.062499999996362,-75.13999999998487,-0.7502370813468746,SL,9940.36068214287,False,2024-01-22 01:00:00
2024-01-29 09:00:00,2024-01-29 16:00:00,short,17434.5,17469.9,17516.77142857143,17187.685714285715,0.91,-35.400000000001455,-32.21400000000133,-0.3240727477612701,SessionEnd,9908.146682142868,False,2024-01-26 15:00:00
2024-01-31 09:00:00,2024-01-31 12:00:00,short,17315.9,17307.764285714286,17307.764285714286,17184.793571428585,1.7,8.135714285715949,13.830714285717113,0.1395893170479981,SL,9921.977396428585,True,2024-01-30 23:00:00
2024-02-05 15:00:00,2024-02-05 16:00:00,short,17599.8,17569.3,17599.3,17482.8,1.91,30.5,58.254999999999995,0.5871309485241205,SessionEnd,9980.232396428584,True,2024-02-05 08:00:00
2024-02-06 11:00:00,2024-02-06 16:00:00,long,17600.0,17496.8,17460.877142857145,18017.368571428564,0.54,-103.20000000000073,-55.7280000000004,-0.5583837909420085,SessionEnd,9924.504396428583,False,2024-02-05 15:00:00
2024-02-08 15:00:00,2024-02-08 16:00:00,long,17770.6,17809.95142857143,17757.482857142855,17809.95142857143,5.67,39.351428571430006,223.12260000000813,2.248198913391591,TP,10147.626996428591,False,2024-02-08 07:00:00
2024-02-09 14:00:00,2024-02-09 16:00:00,long,17804.0,17926.48464285714,17868.817857142858,17926.48464285714,1.86,122.48464285713999,227.8214357142804,2.2450710475903484,TP,10375.448432142872,True,2024-02-08 17:00:00
2024-02-12 15:00:00,2024-02-12 16:00:00,long,17947.8,17989.253571428573,17933.98214285714,17989.253571428573,5.63,41.45357142857392,233.38360714287117,2.2493833270844927,TP,10608.832039285742,False,2024-02-12 04:00:00
2024-02-16 13:00:00,2024-02-16 14:00:00,long,17847.4,17813.42357142857,17813.42357142857,17949.32928571429,2.34,-33.976428571430006,-79.50484285714622,-0.7494212611033007,SL,10529.327196428596,False,2024-02-15 19:00:00
2024-02-16 14:00:00,2024-02-16 16:00:00,short,17752.1,17751.6,17751.6,17597.90642857142,1.54,0.5,0.77,0.007312907896538475,SL,10530.097196428596,True,2024-02-15 15:00:00
2024-02-23 13:00:00,2024-02-23 14:00:00,long,18000.2,18053.64714285715,17982.384285714284,18053.64714285715,4.43,53.44714285714872,236.77084285716882,2.2485152647733617,TP,10766.868039285766,False,2024-02-23 06:00:00
2024-02-28 09:00:00,2024-02-28 16:00:00,short,17880.6,17920.9,17932.085714285713,17726.142857142855,1.57,-40.30000000000291,-63.27100000000457,-0.5876453558188286,SessionEnd,10703.597039285762,False,2024-02-27 18:00:00
2024-02-29 13:00:00,2024-02-29 14:00:00,long,17889.7,17942.840714285718,17871.98642857143,17942.840714285718,4.53,53.14071428571697,240.72743571429788,2.249033057118538,TP,10944.32447500006,False,2024-02-29 05:00:00
2024-03-01 15:00:00,2024-03-01 16:00:00,long,18089.3,18142.86714285714,18071.444285714286,18142.86714285714,4.6,53.567142857140425,246.40885714284593,2.25147616653466,TP,11190.733332142905,False,2024-03-01 04:00:00
2024-03-12 12:00:00,2024-03-12 13:00:00,long,18005.3,17916.598571428574,17916.598571428574,18271.404285714274,0.95,-88.70142857142491,-84.26635714285366,-0.753001207711895,SL,11106.466975000052,False,2024-03-11 08:00:00
2024-03-13 12:00:00,2024-03-13 14:00:00,long,18157.8,18060.415714285715,18060.415714285715,18449.952857142853,0.86,-97.38428571428449,-83.75048571428466,-0.754069551575687,SL,11022.716489285767,False,2024-03-12 16:00:00
2024-03-15 13:00:00,2024-03-15 14:00:00,short,17987.4,17890.593214285713,18019.66892857143,17890.593214285713,2.56,96.80678571428871,247.8253714285791,2.2483148475193824,TP,11270.541860714346,False,2024-03-15 00:00:00
2024-03-22 11:00:00,2024-03-22 12:00:00,short,18350.49,18308.344607142866,18364.538464285713,18308.344607142866,6.02,42.14539285713545,253.71526499995537,2.2511363529408377,TP,11524.2571257143,False,2024-03-21 22:00:00
2024-03-26 14:00:00,2024-03-26 16:00:00,long,18317.11,18317.61,18317.61,18412.036214285723,2.73,0.5,1.365,0.011844581261157812,SL,11525.6221257143,True,2024-03-25 16:00:00
2024-03-27 09:00:00,2024-03-27 10:00:00,short,18287.78,18313.535964285715,18313.535964285715,18210.51210714285,3.36,-25.75596428571589,-86.54004000000539,-0.7508491867604247,SL,11439.082085714295,False,2024-03-25 20:00:00
2024-03-27 13:00:00,2024-03-27 14:00:00,short,18279.13,18202.795535714293,18304.57482142857,18202.795535714293,3.37,76.33446428570824,257.24714464283676,2.24884429288343,TP,11696.329230357132,False,2024-03-27 04:00:00
2024-04-01 13:00:00,2024-04-01 15:00:00,long,18304.45,18304.95,18304.95,18440.56567857143,1.93,0.5,0.965,0.008250451752806337,SL,11697.294230357133,True,2024-03-28 14:00:00
2024-04-01 15:00:00,2024-04-01 16:00:00,short,18254.95,18266.92,18297.150071428572,18128.349785714287,2.08,-11.969999999997526,-24.897599999994856,-0.21284922401438733,SessionEnd,11672.396630357138,False,2024-03-28 18:00:00
2024-04-02 11:00:00,2024-04-02 14:00:00,short,18223.67,18014.784071428567,18107.684285714284,18014.784071428567,1.26,208.88592857143158,263.1962700000038,2.2548605769229315,TP,11935.592900357142,True,2024-04-01 16:00:00
2024-04-03 14:00:00,2024-04-03 15:00:00,long,18090.22,18171.80532142857,18063.024892857145,18171.80532142857,3.29,81.58532142856711,268.4157074999858,2.248867816964117,TP,12204.008607857128,False,2024-04-02 17:00:00
2024-04-09 14:00:00,2024-04-09 16:00:00,short,18116.99,18116.49,18116.49,17900.93878571429,1.27,0.5,0.635,0.005203208391635985,SL,12204.643607857128,True,2024-04-08 12:00:00
2024-04-10 12:00:00,2024-04-10 13:00:00,short,18159.21,18050.10664285714,18195.577785714286,18050.10664285714,2.52,109.10335714285975,274.94046000000657,2.2527528769705727,TP,12479.584067857135,False,2024-04-09 12:00:00
2024-04-11 12:00:00,2024-04-11 13:00:00,long,18027.04,18083.356535714283,18008.267821428573,18083.356535714283,4.99,56.31653571428251,281.01951321426975,2.2518339688746014,TP,12760.603581071404,False,2024-04-11 06:00:00
2024-04-22 14:00:00,2024-04-22 15:00:00,short,17137.4,17046.761214285714,17167.61292857143,17046.761214285714,3.17,90.63878571428722,287.3249507142905,2.251656427447503,TP,13047.928531785694,False,2024-04-22 06:00:00
2024-04-25 12:00:00,2024-04-25 14:00:00,short,17284.86,17284.36,17284.36,17153.163535714288,2.23,0.5,1.115,0.008545417744155938,SL,13049.043531785694,True,2024-04-25 06:00:00
2024-04-26 14:00:00,2024-04-26 15:00:00,long,17641.63,17749.556928571437,17605.654357142856,17749.556928571437,2.72,107.92692857143629,293.5612457143067,2.2496763460036857,TP,13342.6047775,False,2024-04-25 23:00:00
2024-05-01 09:00:00,2024-05-01 12:00:00,short,17355.33,17354.83,17354.83,17248.72950000001,2.82,0.5,1.41,0.010567651695549895,SL,13344.0147775,True,2024-04-30 22:00:00
2024-05-02 13:00:00,2024-05-02 15:00:00,short,17421.0,17420.5,17420.5,17254.14010714286,1.8,0.5,0.9,0.006744596847401085,SL,13344.9147775,True,2024-05-02 07:00:00
2024-05-06 12:00:00,2024-05-06 16:00:00,long,17945.08,17969.205714285716,17969.205714285716,18027.587285714297,3.64,24.12571428571391,87.81759999999863,0.6580604032635878,SL,13432.732377499999,True,2024-05-05 22:00:00
2024-05-07 14:00:00,2024-05-07 15:00:00,long,18091.58,18156.77878571429,18069.847071428572,18156.77878571429,4.64,65.19878571428853,302.52236571429876,2.2521282879202427,TP,13735.254743214296,False,2024-05-06 20:00:00
2024-05-08 14:00:00,2024-05-08 15:00:00,long,18099.79,18084.877714285714,18084.877714285714,18144.52685714286,6.91,-14.912285714286554,-103.04389428572009,-0.7502146571881197,SL,13632.210848928577,False,2024-05-08 08:00:00
2024-05-10 14:00:00,2024-05-10 16:00:00,long,18132.15,18146.02,18090.40467857143,18257.385964285713,2.45,13.869999999998981,33.98149999999751,0.24927357988061258,SessionEnd,13666.192348928575,False,2024-05-09 19:00:00
2024-05-14 12:00:00,2024-05-14 13:00:00,short,18197.31,18213.758749999997,18213.758749999997,18147.963750000014,6.23,-16.448749999995925,-102.47571249997462,-0.7498483109526018,SL,13563.7166364286,False,2024-05-13 19:00:00
2024-05-14 14:00:00,2024-05-14 16:00:00,long,18235.59,18228.79,18157.41378571429,18470.118642857135,1.3,-6.799999999999272,-8.839999999999055,-0.06517387702023444,SessionEnd,13554.876636428602,False,2024-05-13 13:00:00
2024-05-15 12:00:00,2024-05-15 13:00:00,long,18328.71,18391.46571428571,18307.79142857143,18391.46571428571,4.86,62.75571428571129,304.9927714285569,2.2500593668915565,TP,13859.869407857159,False,2024-05-15 00:00:00
2024-05-20 11:00:00,2024-05-20 12:00:00,long,18596.95,18589.184571428574,18589.184571428574,18620.246285714282,13.39,-7.765428571427037,-103.97908857140803,-0.7502169429710664,SL,13755.89031928575,False,2024-05-20 03:00:00
2024-05-22 13:00:00,2024-05-22 14:00:00,long,18743.85,18733.7725,18733.7725,18774.082499999997,10.24,-10.077499999999418,-103.19359999999403,-0.7501775428909655,SL,13652.696719285757,False,2024-05-22 02:00:00
2024-05-28 10:00:00,2024-05-28 12:00:00,long,18899.43,18846.209071428573,18846.209071428573,19059.09278571428,1.92,-53.220928571427066,-102.18418285713996,-0.7484542062140361,SL,13550.512536428618,False,2024-05-27 22:00:00
2024-05-28 14:00:00,2024-05-28 16:00:00,long,18816.47,18866.38,18816.97,18946.457857142854,2.35,49.909999999999854,117.28849999999966,0.8655650454895065,SessionEnd,13667.801036428616,True,2024-05-26 23:00:00
2024-05-29 14:00:00,2024-05-29 16:00:00,short,18809.13,18819.87,18880.91417857143,18593.77746428571,1.43,-10.739999999997963,-15.358199999997087,-0.1123677463482463,SessionEnd,13652.44283642862,False,2024-05-28 14:00:00
2024-05-30 12:00:00,2024-05-30 16:00:00,short,18728.4,18645.23,18664.002857142856,18510.87182142858,1.41,83.17000000000189,117.26970000000266,0.8589649589089915,SessionEnd,13769.712536428622,True,2024-05-29 13:00:00
2024-06-03 14:00:00,2024-06-03 16:00:00,short,18606.46,18500.551642857135,18605.96,18500.551642857135,2.93,105.90835714286368,310.31148642859057,2.2535799901969082,TP,14080.024022857213,True,2024-06-03 06:00:00
2024-06-07 12:00:00,2024-06-07 14:00:00,short,19024.21,19023.71,19023.71,18911.91249999999,2.82,0.5,1.41,0.010014187459559981,SL,14081.434022857213,True,2024-06-06 17:00:00
2024-06-10 14:00:00,2024-06-10 15:00:00,long,19017.5,19085.96685714286,18994.677714285714,19085.96685714286,4.63,68.46685714285923,317.0015485714382,2.2512021720009208,TP,14398.43557142865,False,2024-06-09 23:00:00
2024-06-11 14:00:00,2024-06-11 15:00:00,long,19082.9,19066.805035714286,19066.805035714286,19131.18489285715,6.71,-16.094964285715832,-107.99721035715324,-0.7500621148832037,SL,14290.438361071498,False,2024-06-11 06:00:00
2024-06-14 09:00:00,2024-06-14 16:00:00,long,19571.12,19614.15,19479.304178571427,19846.567464285716,1.17,43.030000000002474,50.345100000002894,0.35229919984223645,SessionEnd,14340.7834610715,False,2024-06-13 16:00:00
2024-06-17 15:00:00,2024-06-17 16:00:00,long,19707.73,19792.763071428573,19679.38564285714,19792.763071428573,3.79,85.03307142857375,322.2753407142945,2.2472645346687012,TP,14663.058801785794,False,2024-06-17 08:00:00
2024-06-20 14:00:00,2024-06-20 16:00:00,short,19946.86,19875.668071428572,19946.36,19875.668071428572,4.63,71.19192857142843,329.61862928571367,2.247952720789539,TP,14992.677431071506,True,2024-06-19 06:00:00
2024-06-24 14:00:00,2024-06-24 16:00:00,short,19707.1,19589.24,19670.304285714286,19577.01196428571,2.59,117.85999999999694,305.25739999999206,2.036043271146238,SessionEnd,15297.934831071498,True,2024-06-21 20:00:00
2024-06-27 13:00:00,2024-06-27 15:00:00,long,19742.51,19743.01,19743.01,19958.565392857137,1.59,0.5,0.795,0.005196779884205564,SL,15298.729831071498,True,2024-06-26 12:00:00
2024-06-28 13:00:00,2024-06-28 14:00:00,long,19807.71,19991.324892857137,19746.505035714286,19991.324892857137,1.87,183.61489285713833,343.3598496428487,2.2443683458314942,TP,15642.089680714347,False,2024-06-27 14:00:00
2024-06-28 15:00:00,2024-06-28 16:00:00,long,19845.23,19826.720178571428,19826.720178571428,19900.759464285715,6.34,-18.50982142857174,-117.35226785714484,-0.7502339537269905,SL,15524.737412857203,False,2024-06-28 00:00:00
2024-07-01 13:00:00,2024-07-01 16:00:00,short,19751.23,19741.833214285714,19741.833214285714,19438.22424999999,1.12,9.396785714285215,10.524399999999442,0.06779116271096086,SL,15535.261812857203,True,2024-06-27 13:00:00
2024-07-02 13:00:00,2024-07-02 14:00:00,long,19774.0,19876.368892857143,19739.877035714286,19876.368892857143,3.41,102.36889285714278,349.0779246428569,2.2470038088058164,TP,15884.33973750006,False,2024-07-02 06:00:00
2024-07-05 12:00:00,2024-07-05 13:00:00,long,20175.84,20260.135607142856,20147.741464285715,20260.135607142856,4.24,84.29560714285617,357.4133742857102,2.2500990295613086,TP,16241.75311178577,False,2024-07-04 13:00:00
2024-07-08 13:00:00,2024-07-08 16:00:00,long,20394.06,20412.319285714286,20412.319285714286,20490.149892857142,3.8,18.259285714284488,69.38528571428105,0.4272031795873801,SL,16311.138397500052,True,2024-07-05 18:00:00
2024-07-09 13:00:00,2024-07-09 14:00:00,long,20521.38,20502.076035714286,20502.076035714286,20579.291892857145,6.34,-19.303964285714756,-122.38713357143155,-0.7503285827688727,SL,16188.75126392862,False,2024-07-09 00:00:00
2024-07-11 14:00:00,2024-07-11 15:00:00,short,20514.62,20372.80121428572,20561.892928571426,20372.80121428572,2.57,141.81878571428024,364.47427928570016,2.2514045298713854,TP,16553.22554321432,False,2024-07-10 15:00:00
2024-07-18 14:00:00,2024-07-18 15:00:00,short,19846.96,19718.245535714283,19889.86482142857,19718.245535714283,2.89,128.71446428571653,371.9848017857208,2.247204333769311,TP,16925.210345000043,False,2024-07-17 22:00:00
2024-07-22 10:00:00,2024-07-22 13:00:00,short,19707.59,19775.28992857143,19775.28992857143,19504.49021428571,1.88,-67.69992857143006,-127.27586571428851,-0.7519898608048182,SL,16797.934479285756,False,2024-07-18 20:00:00
2024-07-29 09:00:00,2024-07-29 15:00:00,long,19117.23,18982.59592857143,18982.59592857143,19521.132214285706,0.94,-134.63407142856886,-126.55602714285472,-0.7534023144269095,SL,16671.3784521429,False,2024-07-26 17:00:00
2024-07-29 15:00:00,2024-07-29 16:00:00,long,19034.23,19157.45,19050.992857142857,19293.273678571426,1.45,123.22000000000116,178.6690000000017,1.0717110196549824,SessionEnd,16850.047452142902,True,2024-07-26 18:00:00
2024-07-30 13:00:00,2024-07-30 14:00:00,short,19136.88,19040.682749999996,19168.945750000003,19040.682749999996,3.94,96.19725000000471,379.01716500001857,2.249353695154236,TP,17229.06461714292,False,2024-07-29 03:00:00
2024-07-31 12:00:00,2024-07-31 14:00:00,long,19120.61,19331.641357142867,19150.260714285716,19331.641357142867,1.84,211.0313571428669,388.2976971428751,2.2537363796089016,TP,17617.362314285798,True,2024-07-30 13:00:00
2024-08-01 14:00:00,2024-08-01 15:00:00,short,19452.92,19210.54303571428,19533.71232142857,19210.54303571428,1.64,242.3769642857187,397.4982214285787,2.2562868058077576,TP,18014.860535714375,False,2024-08-01 07:00:00
2024-08-06 14:00:00,2024-08-06 16:00:00,long,17995.9,18319.624642857147,18027.514285714286,18319.624642857147,1.25,323.7246428571452,404.65580357143153,2.246233340353667,TP,18419.51633928581,True,2024-08-05 16:00:00
2024-08-07 13:00:00,2024-08-07 15:00:00,long,18308.3,18308.8,18308.8,18455.446785714284,2.82,0.5,1.41,0.007654924125193782,SL,18420.92633928581,True,2024-08-06 18:00:00
2024-08-09 11:00:00,2024-08-09 12:00:00,long,18407.2,18353.976071428573,18353.976071428573,18566.871785714284,2.6,-53.22392857142768,-138.38221428571197,-0.7512228849783085,SL,18282.544125000095,False,2024-08-08 18:00:00
2024-08-12 13:00:00,2024-08-12 14:00:00,long,18430.0,18622.003214285713,18365.99892857143,18622.003214285713,2.14,192.0032142857126,410.886878571425,2.2474272495235823,TP,18693.43100357152,False,2024-08-09 15:00:00
2024-08-13 10:00:00,2024-08-13 16:00:00,long,18557.4,18974.589642857143,18791.64285714286,18974.589642857143,1.01,417.18964285714173,421.36153928571315,2.2540620777705755,TP,19114.792542857234,True,2024-08-12 13:00:00
2024-08-14 15:00:00,2024-08-14 16:00:00,long,19018.0,18981.615357142855,18981.615357142855,19127.153928571435,3.94,-36.38464285714508,-143.35549285715163,-0.7499714816979289,SL,18971.437050000084,False,2024-08-13 22:00:00
2024-08-15 10:00:00,2024-08-15 14:00:00,long,19035.3,19409.875714285707,19265.024999999998,19409.875714285707,1.14,374.57571428570736,427.01631428570636,2.250838000096068,TP,19398.45336428579,True,2024-08-14 13:00:00
2024-08-21 13:00:00,2024-08-21 14:00:00,long,19758.0,19732.71214285714,19732.71214285714,19833.863571428577,5.75,-25.28785714285914,-145.40517857144005,-0.7495709881651874,SL,19253.04818571435,False,2024-08-21 05:00:00
2024-08-22 14:00:00,2024-08-22 15:00:00,long,19790.4,19714.982500000002,19714.982500000002,20016.6525,1.91,-75.41749999999956,-144.04742499999915,-0.7481798394234608,SL,19109.00076071435,False,2024-08-21 14:00:00
2024-08-22 15:00:00,2024-08-22 16:00:00,short,19819.2,19732.706785714294,19848.03107142857,19732.706785714294,4.97,86.49321428570693,429.8712749999634,2.2495748489566423,TP,19538.872035714314,False,2024-08-21 20:00:00
2024-08-26 11:00:00,2024-08-26 13:00:00,long,19720.0,19650.578928571427,19650.578928571427,19928.26321428572,2.11,-69.42107142857276,-146.4784607142885,-0.7496771586739831,SL,19392.393575000024,False,2024-08-25 22:00:00
2024-08-27 14:00:00,2024-08-27 15:00:00,long,19499.5,19586.855714285713,19470.38142857143,19586.855714285713,4.99,87.35571428571347,435.90501428571025,2.247814394854606,TP,19828.298589285732,False,2024-08-27 00:00:00
2024-08-28 13:00:00,2024-08-28 15:00:00,short,19554.6,19344.41464285714,19456.87857142857,19344.41464285714,2.12,210.18535714285827,445.5929571428595,2.24725765116144,TP,20273.891546428593,True,2024-08-27 17:00:00
2024-09-02 14:00:00,2024-09-02 16:00:00,long,19555.4,19597.73,19555.9,19675.746714285713,3.79,42.32999999999811,160.43069999999284,0.7913167515599834,SessionEnd,20434.322246428586,True,2024-09-01 22:00:00
2024-09-05 13:00:00,2024-09-05 14:00:00,long,18897.08,19071.989428571436,18838.776857142857,19071.989428571436,2.63,174.90942857143455,460.01179714287287,2.2511722757199424,TP,20894.33404357146,False,2024-09-05 06:00:00
2024-09-05 15:00:00,2024-09-05 16:00:00,short,18869.08,18920.08717857143,18920.08717857143,18716.058464285717,3.07,-51.007178571428085,-156.5920382142842,-0.7494473759620146,SL,20737.742005357177,False,2024-09-05 05:00:00
2024-09-10 12:00:00,2024-09-10 14:00:00,long,18700.5,18701.0,18701.0,18814.97367857143,4.08,0.5,2.04,0.009837136557456482,SL,20739.782005357178,True,2024-09-09 22:00:00
2024-09-11 14:00:00,2024-09-11 15:00:00,short,18708.56,18741.624035714285,18741.624035714285,18609.36789285715,4.7,-33.06403571428382,-155.40096785713396,-0.7492893021584952,SL,20584.381037500043,False,2024-09-11 05:00:00
2024-09-13 14:00:00,2024-09-13 15:00:00,long,19423.34,19511.730285714293,19393.87657142857,19511.730285714293,5.24,88.39028571429299,463.16509714289526,2.250080273480724,TP,21047.546134642937,False,2024-09-13 02:00:00
2024-09-16 14:00:00,2024-09-16 16:00:00,short,19428.56,19377.57,19428.06,19254.109035714293,2.71,50.9900000000016,138.18290000000434,0.65652736483406,SessionEnd,21185.72903464294,True,2024-09-13 13:00:00
2024-09-18 15:00:00,2024-09-18 16:00:00,short,19451.43,19347.385178571425,19486.11160714286,19347.385178571425,4.58,104.04482142857523,476.5252821428746,2.249274883878953,TP,21662.254316785813,False,2024-09-18 06:00:00
2024-09-23 09:00:00,2024-09-23 16:00:00,long,19826.94,19818.76,19747.147714285715,20066.31685714285,2.04,-8.180000000000291,-16.687200000000594,-0.0770335337955565,SessionEnd,21645.567116785813,False,2024-09-20 13:00:00
2024-09-24 11:00:00,2024-09-24 14:00:00,long,19860.04,19860.54,19860.54,20044.37607142858,2.64,0.5,1.32,0.00609824631934157,SL,21646.887116785812,True,2024-09-23 13:00:00
2024-09-25 13:00:00,2024-09-25 16:00:00,long,19941.74,19951.01107142857,19951.01107142857,20126.99439285714,2.63,9.271071428567666,24.38291785713296,0.11263937269865248,SL,21671.270034642945,True,2024-09-24 18:00:00
2024-09-27 12:00:00,2024-09-27 14:00:00,long,20130.61,20067.18735714286,20067.18735714286,20320.877928571426,2.56,-63.42264285714191,-162.3619657142833,-0.7492037405040731,SL,21508.90806892866,False,2024-09-27 05:00:00
2024-10-01 13:00:00,2024-10-01 14:00:00,short,20062.27,19966.00053571429,20094.35982142857,19966.00053571429,5.03,96.26946428570955,484.235405357119,2.2513249106152244,TP,21993.14347428578,False,2024-10-01 07:00:00
2024-10-10 15:00:00,2024-10-10 16:00:00,long,20281.74,20250.198857142856,20250.198857142856,20376.36342857144,5.23,-31.541142857146042,-164.96017714287382,-0.750052748647523,SL,21828.183297142903,False,2024-10-10 05:00:00
2024-10-11 15:00:00,2024-10-11 16:00:00,long,20263.94,20261.63,20184.491749999997,20502.284750000003,2.06,-2.3099999999976717,-4.758599999995204,-0.0218002567378938,SessionEnd,21823.42469714291,False,2024-10-10 18:00:00
2024-10-15 14:00:00,2024-10-15 15:00:00,short,20451.61,20375.176428571427,20477.08785714286,20375.176428571427,6.42,76.43357142857349,490.7035285714418,2.248517523629937,TP,22314.12822571435,False,2024-10-14 20:00:00
2024-10-16 13:00:00,2024-10-16 14:00:00,short,20214.08,20151.06746428572,20235.08417857143,20151.06746428572,7.97,63.01253571428242,502.2099096428309,2.2506364782115678,TP,22816.338135357182,False,2024-10-16 07:00:00
2024-10-22 14:00:00,2024-10-22 16:00:00,long,20321.88,20322.38,20322.38,20395.00864285715,7.02,0.5,3.51,0.015383713105832492,SL,22819.84813535718,True,2024-10-22 04:00:00
2024-10-24 10:00:00,2024-10-24 16:00:00,short,20250.48,20122.681392857143,20238.235,20122.681392857143,4.02,127.79860714285678,513.7504007142842,2.2513313746303023,TP,23333.598536071466,True,2024-10-22 11:00:00
2024-10-29 14:00:00,2024-10-29 15:00:00,long,20417.17,20487.405571428564,20393.758142857143,20487.405571428564,7.47,70.23557142856589,524.6597185713872,2.248516094764871,TP,23858.258254642853,False,2024-10-29 07:00:00
2024-11-05 14:00:00,2024-11-05 16:00:00,long,20077.92,20233.94,20155.931428571428,20501.752928571423,1.27,156.02000000000044,198.14540000000056,0.8305107518124931,SessionEnd,24056.403654642854,True,2024-11-04 16:00:00
2024-11-19 13:00:00,2024-11-19 14:00:00,short,20481.58,20357.181678571444,20523.046107142854,20357.181678571444,4.35,124.39832142855812,541.1326982142277,2.249433065651897,TP,24597.53635285708,False,2024-11-18 10:00:00
2024-11-21 15:00:00,2024-11-21 16:00:00,long,20536.24,20661.18,20536.74,20726.165285714287,2.91,124.93999999999869,363.5753999999962,1.478096809308164,SessionEnd,24961.11175285708,True,2024-11-20 18:00:00
2024-11-22 14:00:00,2024-11-22 15:00:00,long,20750.92,20682.936214285714,20682.936214285714,20954.871357142853,2.75,-67.98378571428475,-186.95541071428306,-0.7489867140748806,SL,24774.156342142796,False,2024-11-22 03:00:00
2024-11-26 11:00:00,2024-11-26 16:00:00,long,20844.5,20908.32,20845.0,21170.712928571433,1.71,63.81999999999971,109.1321999999995,0.4405082396866811,SessionEnd,24883.288542142796,True,2024-11-25 23:00:00
2024-11-29 09:00:00,2024-11-29 12:00:00,long,20845.15,20821.782321428575,20821.782321428575,20915.253035714282,7.99,-23.36767857142695,-186.70775178570133,-0.75033390972214,SL,24696.580790357097,False,2024-11-28 16:00:00
2024-12-06 14:00:00,2024-12-06 15:00:00,long,21475.35,21554.118964285717,21449.093678571426,21554.118964285717,7.05,78.76896428571854,555.3211982143157,2.2485752296169825,TP,25251.90198857141,False,2024-12-05 15:00:00
2024-12-09 09:00:00,2024-12-09 10:00:00,long,21623.71,21587.980785714288,21587.980785714288,21730.897642857133,5.3,-35.72921428571135,-189.36483571427016,-0.7499032579802247,SL,25062.53715285714,False,2024-12-06 21:00:00
2024-12-11 14:00:00,2024-12-11 15:00:00,long,21522.04,21686.45232142858,21467.23589285714,21686.45232142858,3.43,164.41232142857916,563.9342625000265,2.2501084349943308,TP,25626.47141535717,False,2024-12-10 15:00:00
2024-12-13 15:00:00,2024-12-13 16:00:00,short,21685.87,21707.637964285714,21707.637964285714,21620.566107142855,8.83,-21.767964285714697,-192.21112464286077,-0.7500491250920891,SL,25434.26029071431,False,2024-12-13 04:00:00
2024-12-30 12:00:00,2024-12-30 13:00:00,short,21276.59,21170.074571428573,21312.095142857142,21170.074571428573,5.37,106.51542857142704,571.9878514285632,2.248887307477104,TP,26006.24814214287,False,2024-12-27 17:00:00
2025-01-10 13:00:00,2025-01-10 14:00:00,short,21016.61,20846.292178571435,21073.382607142856,20846.292178571435,3.44,170.31782142856537,585.8933057142649,2.252894391039938,TP,26592.141447857135,False,2025-01-10 07:00:00
2025-01-15 13:00:00,2025-01-15 14:00:00,long,20845.39,20923.711321428567,20819.282892857143,20923.711321428567,7.64,78.3213214285679,598.3748957142587,2.2501944677436927,TP,27190.516343571395,False,2025-01-14 06:00:00
2025-01-17 15:00:00,2025-01-17 16:00:00,long,21349.42,21381.48,21349.92,21528.826857142856,3.41,32.06000000000131,109.32460000000447,0.4020688633441559,SessionEnd,27299.8409435714,True,2025-01-16 08:00:00
2025-01-24 14:00:00,2025-01-24 15:00:00,long,21858.96,21823.365892857142,21823.365892857142,21965.74232142857,5.75,-35.594107142856956,-204.6661160714275,-0.7496971007797117,SL,27095.17482749997,False,2025-01-23 21:00:00
2025-01-30 12:00:00,2025-01-30 15:00:00,long,21454.16,21454.66,21454.66,21647.705642857145,3.15,0.5,1.575,0.005812843098548565,SL,27096.74982749997,True,2025-01-28 20:00:00
2025-02-03 15:00:00,2025-02-03 16:00:00,short,21308.57,21241.44,21486.56257142857,20774.592285714287,1.14,67.13000000000102,76.52820000000115,0.2824257539637988,SessionEnd,27173.27802749997,False,2025-01-30 16:00:00
2025-02-04 15:00:00,2025-02-04 16:00:00,long,21457.18,21520.25,21457.68,21616.73671428571,3.83,63.06999999999971,241.5580999999989,0.8889545816133653,SessionEnd,27414.83612749997,True,2025-02-03 23:00:00
2025-02-07 14:00:00,2025-02-07 15:00:00,long,21742.21,21627.035464285713,21627.035464285713,22087.733607142858,1.79,-115.17453571428632,-206.16241892857252,-0.7520104003896266,SL,27208.673708571398,False,2025-02-06 21:00:00
2025-02-07 15:00:00,2025-02-07 16:00:00,short,21737.06,21616.868107142862,21777.123964285714,21616.868107142862,5.09,120.19189285713946,611.7767346428399,2.248462167599574,TP,27820.45044321424,False,2025-02-07 01:00:00
2025-02-12 13:00:00,2025-02-12 15:00:00,short,21581.3,21580.8,21580.8,21169.637857142854,1.52,0.5,0.76,0.00273180336009036,SL,27821.210443214237,True,2025-02-11 14:00:00
2025-02-13 09:00:00,2025-02-13 16:00:00,long,21738.3,21872.2,21416.418928571427,22703.943214285715,0.65,133.90000000000146,87.03500000000095,0.31283685581419163,SessionEnd,27908.245443214237,False,2025-02-12 13:00:00
2025-02-14 15:00:00,2025-02-14 16:00:00,long,22052.6,22017.71607142857,22017.71607142857,22157.25178571428,6.0,-34.88392857142753,-209.3035714285652,-0.7499703693463697,SL,27698.94187178567,False,2025-02-14 05:00:00
2025-02-18 09:00:00,2025-02-18 13:00:00,long,22194.6,22195.1,22195.1,22236.42749999999,14.9,0.5,7.45,0.02689633428773184,SL,27706.391871785672,True,2025-02-17 05:00:00
2025-02-20 14:00:00,2025-02-20 15:00:00,short,22091.5,22016.89857142857,22116.367142857143,22016.89857142857,8.36,74.60142857143,623.6679428571548,2.250989395310821,TP,28330.059814642827,False,2025-02-20 02:00:00
2025-02-21 14:00:00,2025-02-21 15:00:00,short,22068.4,22008.728928571443,22088.290357142854,22008.728928571443,10.68,59.67107142855821,637.2870428570017,2.2495082856394464,TP,28967.34685749983,False,2025-02-21 08:00:00
2025-02-24 14:00:00,2025-02-24 15:00:00,short,21691.5,21601.787142857145,21721.404285714285,21601.787142857145,7.27,89.71285714285477,652.2124714285542,2.251543693790832,TP,29619.559328928382,False,2025-02-24 08:00:00
2025-02-27 14:00:00,2025-02-27 15:00:00,short,21239.7,20990.283214285726,21322.838928571426,20990.283214285726,2.67,249.41678571427474,665.9428178571135,2.2483211531331277,TP,30285.502146785497,False,2025-02-26 15:00:00
2025-03-07 13:00:00,2025-03-07 14:00:00,short,20130.6,20160.613928571427,20160.613928571427,20040.558214285713,7.57,-30.01392857142855,-227.20543928571414,-0.7502118940756269,SL,30058.296707499783,False,2025-03-07 04:00:00
2025-03-12 15:00:00,2025-03-12 16:00:00,long,19392.3,19596.2,19426.914285714287,19822.748571428565,1.57,203.90000000000146,320.1230000000023,1.0650071197152335,SessionEnd,30378.419707499786,True,2025-03-11 16:00:00
2025-03-14 15:00:00,2025-03-14 16:00:00,long,19577.1,19659.3,19577.6,19744.603928571425,4.08,82.20000000000073,335.376000000003,1.1039942275773014,SessionEnd,30713.79570749979,True,2025-03-13 10:00:00
2025-03-17 12:00:00,2025-03-17 14:00:00,long,19659.4,19689.335714285713,19689.335714285713,19879.062678571438,3.15,29.935714285711583,94.29749999999149,0.30702001438710363,SL,30808.093207499784,True,2025-03-14 17:00:00
2025-03-19 13:00:00,2025-03-19 16:00:00,long,19519.05,19654.8,19605.4,19787.03571428571,2.59,135.75,351.5925,1.1412342128152544,SessionEnd,31159.685707499782,True,2025-03-18 19:00:00
2025-03-28 10:00:00,2025-03-28 12:00:00,short,19768.4,19685.046607142864,19767.9,19685.046607142864,8.41,83.3533928571378,701.0020339285289,2.2497082945859295,TP,31860.68774142831,True,2025-03-28 00:00:00
2025-04-08 11:00:00,2025-04-08 12:00:00,long,17624.0,17865.07892857142,17543.64035714286,17865.07892857142,2.97,241.07892857141997,716.0044178571173,2.247297433338515,TP,32576.69215928543,False,2025-04-08 00:00:00
2025-04-14 09:00:00,2025-04-14 15:00:00,long,18970.3,18778.107857142855,18778.107857142855,19546.87642857143,1.27,-192.19214285714406,-244.08402142857295,-0.7492596861434286,SL,32332.608137856856,False,2025-04-13 22:00:00
2025-04-22 13:00:00,2025-04-22 15:00:00,long,18033.5,18272.790178571424,18110.914285714287,18272.790178571424,3.04,239.2901785714239,727.4421428571286,2.2498715221349497,TP,33060.050280713986,True,2025-04-22 07:00:00
2025-04-28 14:00:00,2025-04-28 15:00:00,long,19329.95,19271.3075,19271.3075,19505.877500000006,4.23,-58.642500000001746,-248.0577750000074,-0.7503248570215126,SL,32811.99250571398,False,2025-04-25 04:00:00
2025-04-30 12:00:00,2025-04-30 13:00:00,short,19404.35,19321.92124999999,19431.826250000002,19321.92124999999,8.96,82.42875000001004,738.56160000009,2.2508892133614706,TP,33550.554105714065,False,2025-04-30 03:00:00
2025-05-08 15:00:00,2025-05-08 16:00:00,long,19922.95,20087.53910714286,19868.086964285714,20087.53910714286,4.59,164.58910714285958,755.4640017857254,2.251718405023483,TP,34306.01810749979,False,2025-05-07 05:00:00
2025-05-15 15:00:00,2025-05-15 16:00:00,long,21261.4,21372.074821428574,21224.508392857144,21372.074821428574,6.97,110.67482142857261,771.4035053571511,2.248595284185754,TP,35077.42161285694,False,2025-05-14 12:00:00
2025-05-20 09:00:00,2025-05-20 16:00:00,long,21353.05,21384.5,21228.061071428572,21728.01678571428,2.1,31.450000000000728,66.04500000000154,0.188283508203448,SessionEnd,35143.46661285694,False,2025-05-16 14:00:00
2025-05-21 11:00:00,2025-05-21 14:00:00,short,21274.7,21385.07875,21385.07875,20943.56375,2.39,-110.37874999999985,-263.80521249999964,-0.750652220528207,SL,34879.661400356934,False,2025-05-20 19:00:00
2025-05-21 15:00:00,2025-05-21 16:00:00,long,21384.5,21444.55,21385.0,21566.13071428571,4.32,60.04999999999927,259.41599999999687,0.7437457520655352,SessionEnd,35139.07740035693,True,2025-05-20 17:00:00
2025-05-22 14:00:00,2025-05-22 16:00:00,short,21197.0,21196.5,21196.5,21058.54196428572,5.71,0.5,2.855,0.008124857597914622,SL,35141.932400356935,True,2025-05-21 10:00:00
2025-05-27 11:00:00,2025-05-27 13:00:00,long,21216.4,21216.9,21216.9,21283.18214285715,11.84,0.5,5.92,0.01684597173700064,SL,35147.85240035693,True,2025-05-26 12:00:00
2025-05-28 10:00:00,2025-05-28 13:00:00,long,21418.25,21418.75,21418.75,21537.482857142855,6.63,0.5,3.315,0.00943158620970633,SL,35151.167400356935,True,2025-05-27 18:00:00
2025-05-30 13:00:00,2025-05-30 14:00:00,short,21264.1,21313.538928571426,21313.538928571426,21115.783214285715,5.33,-49.43892857142782,-263.5094892857103,-0.7496464805405995,SL,34887.65791107123,False,2025-05-30 00:00:00
2025-06-04 12:00:00,2025-06-04 14:00:00,long,21661.75,21662.25,21662.25,21792.280000000006,6.01,0.5,3.005,0.008613361228374104,SL,34890.662911071224,True,2025-06-03 20:00:00
2025-06-05 10:00:00,2025-06-05 12:00:00,long,21721.3,21688.06625,21688.06625,21821.001249999998,7.87,-33.23374999999942,-261.5496124999954,-0.7496263775974362,SL,34629.11329857123,False,2025-06-04 15:00:00
2025-06-10 11:00:00,2025-06-10 13:00:00,long,21779.9,21865.251071428585,21780.4,21865.251071428585,9.13,85.35107142858396,779.2552821429716,2.2502894469871486,TP,35408.3685807142,True,2025-06-09 12:00:00
2025-06-10 15:00:00,2025-06-10 16:00:00,long,21771.15,21884.0,21793.523214285717,22051.645178571438,2.84,112.84999999999854,320.4939999999959,0.9051363077330782,SessionEnd,35728.8625807142,True,2025-06-06 16:00:00
2025-06-11 12:00:00,2025-06-11 14:00:00,long,21948.15,21948.65,21948.65,22139.614821428575,4.2,0.5,2.1,0.005877601043850589,SL,35730.9625807142,True,2025-06-10 23:00:00
2025-06-13 13:00:00,2025-06-13 14:00:00,short,21751.35,21623.316428571423,21794.027857142857,21623.316428571423,6.28,128.03357142857567,804.0508285714552,2.250291541279221,TP,36535.01340928565,False,2025-06-12 08:00:00
2025-06-20 14:00:00,2025-06-20 15:00:00,short,21680.1,21574.95,21715.149999999998,21574.95,7.82,105.14999999999782,822.272999999983,2.250643761337709,TP,37357.28640928564,False,2025-06-20 07:00:00
2025-06-25 10:00:00,2025-06-25 11:00:00,long,22201.6,22270.408214285704,22178.66392857143,22270.408214285704,12.22,68.80821428570562,840.8363785713227,2.250796188350345,TP,38198.12278785696,False,2025-06-24 19:00:00
2025-07-01 14:00:00,2025-07-01 15:00:00,short,22603.9,22487.61035714287,22642.663214285712,22487.61035714287,7.39,116.289642857133,859.3804607142129,2.2497976287656907,TP,39057.50324857118,False,2025-06-30 18:00:00
2025-07-02 14:00:00,2025-07-02 15:00:00,long,22501.6,22599.298214285707,22469.03392857143,22599.298214285707,8.99,97.69821428570867,878.306946428521,2.2487534362828265,TP,39935.8101949997,False,2025-07-02 01:00:00
2025-07-09 13:00:00,2025-07-09 15:00:00,long,22743.5,22744.0,22744.0,22935.579285714288,4.68,0.5,2.34,0.005859402848156033,SL,39938.1501949997,True,2025-07-08 13:00:00
2025-07-10 11:00:00,2025-07-10 13:00:00,long,22856.3,22856.8,22856.8,22924.799642857142,13.12,0.5,6.56,0.016425397691106184,SL,39944.710194999694,True,2025-07-09 20:00:00
2025-07-10 13:00:00,2025-07-10 15:00:00,short,22799.0,22798.5,22798.5,22689.518214285705,8.21,0.5,4.105,0.010276704925284118,SL,39948.8151949997,True,2025-07-10 02:00:00
2025-07-16 12:00:00,2025-07-16 13:00:00,long,22848.5,22815.801785714288,22815.801785714288,22946.594642857137,9.16,-32.69821428571231,-299.51564285712476,-0.7497485004126342,SL,39649.29955214257,False,2025-07-16 05:00:00
2025-07-18 09:00:00,2025-07-18 14:00:00,long,23108.5,23062.83392857143,23062.83392857143,23245.498214285715,6.51,-45.66607142857174,-297.286125000002,-0.7497890968011748,SL,39352.01342714257,False,2025-07-17 18:00:00
2025-07-21 13:00:00,2025-07-21 14:00:00,long,23100.3,23163.963214285715,23079.078928571427,23163.963214285715,13.91,63.663214285716094,885.5553107143108,2.250343079278149,TP,40237.568737856884,False,2025-07-18 13:00:00
2025-07-23 09:00:00,2025-07-23 13:00:00,long,23111.5,23041.902142857143,23041.902142857143,23320.29357142857,4.34,-69.59785714285681,-302.05469999999855,-0.7506783075484755,SL,39935.51403785688,False,2025-07-23 00:00:00
2025-07-29 13:00:00,2025-07-29 14:00:00,long,23430.8,23413.05,23413.05,23484.05,16.87,-17.75,-299.4425,-0.7498150636452141,SL,39636.071537856886,False,2025-07-28 06:00:00
2025-08-05 09:00:00,2025-08-05 12:00:00,long,23229.6,23230.1,23230.1,23330.64214285714,8.83,0.5,4.415,0.01113884355512675,SL,39640.48653785689,True,2025-08-04 22:00:00
2025-08-05 14:00:00,2025-08-05 15:00:00,short,23255.8,23007.654999999988,23338.515000000003,23007.654999999988,3.59,248.14500000001135,890.8405500000407,2.2472997377297146,TP,40531.327087856924,False,2025-07-31 18:00:00
2025-08-08 13:00:00,2025-08-08 14:00:00,long,23451.8,23520.08642857143,23429.037857142856,23520.08642857143,13.35,68.28642857143132,911.623821428608,2.2491832538632273,TP,41442.95090928553,False,2025-08-07 23:00:00
2025-08-12 14:00:00,2025-08-12 15:00:00,long,23535.1,23629.441428571423,23503.652857142857,23629.441428571423,9.88,94.34142857142433,932.0933142856725,2.249099771698042,TP,42375.0442235712,False,2025-08-11 20:00:00
2025-08-13 14:00:00,2025-08-13 15:00:00,long,23835.8,23820.0375,23820.0375,23883.0875,20.16,-15.762500000000728,-317.77200000001466,-0.7499036421612826,SL,42057.27222357119,False,2025-08-12 22:00:00
2025-08-14 12:00:00,2025-08-14 13:00:00,short,23828.0,23843.852142857144,23843.852142857144,23780.44357142857,19.9,-15.852142857143917,-315.45764285716393,-0.7500668164597805,SL,41741.814580714024,False,2025-08-14 04:00:00
2025-08-20 13:00:00,2025-08-20 14:00:00,short,23271.5,23199.539642857144,23295.486785714285,23199.539642857144,13.05,71.96035714285608,939.0826607142719,2.249740865717315,TP,42680.8972414283,False,2025-08-20 05:00:00
2025-08-25 14:00:00,2025-08-25 16:00:00,long,23496.2,23526.8,23444.612500000003,23650.962499999994,6.21,30.599999999998545,190.02599999999097,0.4452249420275585,SessionEnd,42870.92324142829,False,2025-08-25 06:00:00
2025-08-28 14:00:00,2025-08-28 16:00:00,long,23557.4,23673.0,23366.032857142858,24131.50142857143,1.68,115.59999999999854,194.20799999999755,0.45300633929974427,SessionEnd,43065.13124142829,False,2025-08-27 20:00:00
2025-08-29 13:00:00,2025-08-29 14:00:00,short,23558.7,23435.577857142856,23599.740714285716,23435.577857142856,7.87,123.12214285714435,968.9712642857261,2.2500134943361885,TP,44034.102505714014,False,2025-08-28 12:00:00
2025-09-03 13:00:00,2025-09-03 14:00:00,long,23333.2,23475.92285714286,23285.625714285714,23475.92285714286,6.94,142.72285714286045,990.4966285714515,2.2493852995934716,TP,45024.59913428547,False,2025-09-02 22:00:00
2025-09-04 15:00:00,2025-09-04 16:00:00,long,23456.2,23495.3,23456.7,23545.117857142857,11.39,39.099999999998545,445.34899999998345,0.9891237424940398,SessionEnd,45469.94813428545,True,2025-09-04 02:00:00
2025-09-08 13:00:00,2025-09-08 14:00:00,long,23744.5,23801.672499999997,23725.4425,23801.672499999997,17.89,57.172499999996944,1022.8160249999454,2.2494330144808705,TP,46492.76415928539,False,2025-09-08 00:00:00
2025-09-12 11:00:00,2025-09-12 12:00:00,long,23990.3,24025.485714285714,23978.571428571428,24025.485714285714,29.73,35.18571428571522,1046.0712857143135,2.249965784203423,TP,47538.835444999706,False,2025-09-12 01:00:00
2025-10-01 12:00:00,2025-10-01 14:00:00,short,24579.2,24578.7,24578.7,24432.745357142867,7.3,0.5,3.65,0.007677933137892883,SL,47542.48544499971,True,2025-09-30 12:00:00
2025-10-02 13:00:00,2025-10-02 15:00:00,long,24803.2,24803.7,24803.7,24882.365714285716,13.51,0.5,6.755,0.014208344256243463,SL,47549.240444999705,True,2025-10-01 19:00:00
2025-10-03 11:00:00,2025-10-03 16:00:00,long,24946.5,24909.3,24796.333214285714,25397.000357142857,2.37,-37.20000000000073,-88.16400000000174,-0.1854162110159913,SessionEnd,47461.0764449997,False,2025-10-02 13:00:00
2025-10-06 12:00:00,2025-10-06 13:00:00,long,24982.5,24943.803214285716,24943.803214285716,25098.590357142853,9.2,-38.69678571428449,-356.01042857141726,-0.7501103119394693,SL,47105.06601642828,False,2025-10-03 10:00:00
2025-10-07 12:00:00,2025-10-07 14:00:00,long,25003.0,25003.5,25003.5,25088.54714285714,12.39,0.5,6.195,0.013151451688528455,SL,47111.26101642828,True,2025-10-06 16:00:00
2025-10-07 15:00:00,2025-10-07 16:00:00,short,24954.4,24893.791428571432,24974.602857142858,24893.791428571432,17.49,60.60857142856912,1060.0439142856737,2.2500860546187105,TP,48171.30493071395,False,2025-10-07 08:00:00
2025-10-09 14:00:00,2025-10-09 15:00:00,long,25047.8,25004.523214285717,25004.523214285717,25177.630357142847,8.35,-43.276785714282596,-361.36116071425965,-0.7501585461178908,SL,47809.94376999969,False,2025-10-07 13:00:00
2025-10-10 13:00:00,2025-10-10 14:00:00,long,25163.7,25142.51857142857,25142.51857142857,25227.244285714296,16.93,-21.181428571431752,-358.60158571433954,-0.7500564891677592,SL,47451.34218428535,False,2025-10-10 02:00:00
2025-10-10 14:00:00,2025-10-10 15:00:00,short,25166.2,25059.712857142862,25201.695714285714,25059.712857142862,10.03,106.48714285713868,1068.066042857101,2.2508658210532486,TP,48519.40822714245,False,2025-10-08 23:00:00
2025-10-14 15:00:00,2025-10-14 16:00:00,short,24611.7,24735.406785714284,24735.406785714284,24240.579642857152,2.94,-123.70678571428289,-363.6979499999917,-0.7495927161711216,SL,48155.710277142454,False,2025-10-13 13:00:00
2025-10-16 15:00:00,2025-10-16 16:00:00,long,24777.5,24660.570357142857,24660.570357142857,25128.28892857143,3.09,-116.92964285714334,-361.3125964285729,-0.7503006275874062,SL,47794.39768071388,False,2025-10-15 19:00:00
2025-10-22 14:00:00,2025-10-22 15:00:00,short,25063.0,24904.745714285717,25115.751428571428,24904.745714285717,6.8,158.25428571428347,1076.1291428571276,2.2515800911355974,TP,48870.52682357101,False,2025-10-22 01:00:00
2025-10-23 13:00:00,2025-10-23 16:00:00,long,24950.0,25083.1,24974.746428571427,25087.947499999995,7.97,133.09999999999854,1060.8069999999884,2.1706477686022096,SessionEnd,49931.333823570996,True,2025-10-23 07:00:00
2025-10-31 13:00:00,2025-10-31 15:00:00,short,26024.8,26024.3,26024.3,25825.47678571428,5.64,0.5,2.82,0.005647756196468293,SL,49934.153823570996,True,2025-10-31 07:00:00
2025-11-03 09:00:00,2025-11-03 14:00:00,long,25982.8,25988.47142857143,25988.47142857143,26094.839285714286,10.03,5.671428571429715,56.88442857144003,0.11391887959576921,SL,49991.03825214243,True,2025-11-03 01:00:00
2025-11-05 14:00:00,2025-11-05 16:00:00,short,25544.1,25657.567142857144,25657.567142857144,25203.698571428562,3.3,-113.46714285714552,-374.4415714285802,-0.7490173929574927,SL,49616.596680713854,False,2025-11-04 10:00:00
2025-11-06 14:00:00,2025-11-06 15:00:00,short,25523.0,25381.50928571428,25570.163571428573,25381.50928571428,7.89,141.49071428571915,1116.3617357143241,2.2499764401379387,TP,50732.95841642818,False,2025-11-06 08:00:00
2025-11-13 13:00:00,2025-11-13 14:00:00,short,25474.2,25219.63392857143,25559.055357142857,25219.63392857143,4.48,254.56607142856956,1140.4559999999917,2.2479587936482197,TP,51873.41441642817,False,2025-11-12 20:00:00
2025-11-18 09:00:00,2025-11-18 16:00:00,short,24665.3,24562.160714285714,24562.160714285714,24202.70535714285,2.52,103.1392857142855,259.9109999999995,0.5010485677952334,SL,52133.32541642817,True,2025-11-17 20:00:00
2025-11-19 14:00:00,2025-11-19 16:00:00,long,24562.9,24631.7,24563.4,24938.21500000001,3.13,68.79999999999927,215.34399999999772,0.4130640013463228,SessionEnd,52348.669416428165,True,2025-11-19 03:00:00
2025-11-20 13:00:00,2025-11-20 14:00:00,long,25101.5,25062.035,25062.035,25219.895,9.95,-39.465000000000146,-392.67675000000145,-0.7501179196672587,SL,51955.99266642817,False,2025-11-20 05:00:00
2025-11-26 15:00:00,2025-11-26 16:00:00,long,25114.1,25198.62821428571,25085.92392857143,25198.62821428571,13.83,84.52821428571042,1169.0252035713752,2.250029579988665,TP,53125.017869999545,False,2025-11-26 04:00:00
2025-12-01 14:00:00,2025-12-01 15:00:00,long,25208.6,25333.297142857136,25167.034285714286,25333.297142857136,9.59,124.6971428571378,1195.8455999999514,2.251002725168517,TP,54320.863469999495,False,2025-12-01 04:00:00
2025-12-04 09:00:00,2025-12-04 11:00:00,long,25622.9,25589.401071428572,25589.401071428572,25723.39678571429,12.16,-33.49892857142913,-407.3469714285783,-0.7498904571970754,SL,53913.51649857092,False,2025-12-03 20:00:00
2025-12-04 14:00:00,2025-12-04 15:00:00,short,25594.6,25506.702142857142,25623.899285714284,25506.702142857142,13.8,87.89785714285608,1212.990428571414,2.2498818614503966,TP,55126.506927142334,False,2025-12-04 06:00:00
2025-12-05 14:00:00,2025-12-05 15:00:00,long,25681.2,25758.752142857138,25655.34928571429,25758.752142857138,15.99,77.55214285713737,1240.0587642856265,2.2494782154881388,TP,56366.56569142796,False,2025-12-05 06:00:00
2025-12-10 14:00:00,2025-12-10 15:00:00,short,25649.5,25530.81464285714,25689.061785714286,25530.81464285714,10.69,118.68535714285827,1268.7464678571548,2.2508848149499756,TP,57635.31215928512,False,2025-12-09 16:00:00
2025-12-11 09:00:00,2025-12-11 12:00:00,short,25537.3,25640.493214285714,25640.493214285714,25227.720357142854,4.19,-103.19321428571493,-432.3795678571456,-0.7501990562004595,SL,57202.93259142797,False,2025-12-10 16:00:00
2025-12-12 15:00:00,2025-12-12 16:00:00,short,25384.1,25158.2,25280.385714285716,24700.9325,1.88,225.89999999999782,424.69199999999586,0.7424304677408047,SessionEnd,57627.624591427964,True,2025-12-11 15:00:00
2025-12-15 14:00:00,2025-12-15 15:00:00,short,25237.6,25097.112142857135,25284.429285714286,25097.112142857135,9.23,140.4878571428635,1296.7029214286301,2.2501411963829465,TP,58924.327512856595,False,2025-12-15 08:00:00
2025-12-17 15:00:00,2025-12-17 16:00:00,short,24937.5,24789.9,24925.178571428572,24471.01285714285,2.84,147.59999999999854,419.1839999999958,0.7113937785858223,SessionEnd,59343.51151285659,True,2025-12-16 18:00:00
2025-12-30 14:00:00,2025-12-30 15:00:00,long,25511.5,25482.86928571429,25482.86928571429,25597.392142857134,15.55,-28.630714285711292,-445.2076071428106,-0.750221204969237,SL,58898.30390571378,False,2025-12-30 02:00:00
2025-12-31 14:00:00,2025-12-31 16:00:00,short,25501.2,25394.9,25412.52857142857,25300.19785714286,6.59,106.29999999999927,700.5169999999952,1.1893670166146115,SessionEnd,59598.82090571377,True,2025-12-30 14:00:00
2026-01-02 12:00:00,2026-01-02 15:00:00,long,25492.4,25366.143571428573,25366.143571428573,25871.169285714288,3.54,-126.25642857142884,-446.9477571428581,-0.7499271803546855,SL,59151.873148570914,False,2025-12-31 14:00:00
2026-01-02 15:00:00,2026-01-02 16:00:00,short,25501.2,25287.40178571429,25572.46607142857,25287.40178571429,6.23,213.79821428571086,1331.9628749999788,2.2517678715845677,TP,60483.83602357089,False,2025-12-30 14:00:00
2026-01-08 10:00:00,2026-01-08 14:00:00,long,25572.5,25484.345714285715,25484.345714285715,25836.962857142855,5.15,-88.15428571428492,-453.9945714285674,-0.750604791752367,SL,60029.841452142326,False,2026-01-06 15:00:00
2026-01-08 14:00:00,2026-01-08 15:00:00,short,25625.1,25534.098214285714,25655.433928571427,25534.098214285714,14.84,91.00178571428478,1350.4664999999861,2.249658615334875,TP,61380.30795214231,False,2026-01-06 21:00:00
2026-01-09 14:00:00,2026-01-09 16:00:00,long,25505.6,25710.055357142846,25539.017857142855,25710.055357142846,6.75,204.4553571428478,1380.0736607142226,2.2483980722127592,TP,62760.38161285654,True,2026-01-08 18:00:00
2026-01-21 14:00:00,2026-01-21 15:00:00,long,25073.9,25187.41785714286,25036.060714285715,25187.41785714286,12.44,113.5178571428587,1412.1621428571623,2.25008533499401,TP,64172.5437557137,False,2026-01-21 06:00:00
2026-01-22 14:00:00,2026-01-22 16:00:00,long,25496.9,25527.8,25293.246428571427,26107.860714285725,2.36,30.899999999997817,72.92399999999485,0.11363738404635386,SessionEnd,64245.46775571369,False,2026-01-21 20:00:00
2026-01-23 15:00:00,2026-01-23 16:00:00,long,25547.0,25630.605714285713,25519.13142857143,25630.605714285713,17.29,83.60571428571347,1445.5427999999858,2.2500307811540936,TP,65691.01055571367,False,2026-01-23 02:00:00
2026-01-29 14:00:00,2026-01-29 15:00:00,short,26026.4,25597.25857142857,26169.447142857145,25597.25857142857,3.44,429.1414285714309,1476.2465142857222,2.2472580369785793,TP,67167.2570699994,False,2026-01-28 21:00:00
2026-02-04 14:00:00,2026-02-04 16:00:00,short,25136.0,24930.1,25072.835714285713,24758.459642857142,4.0,205.90000000000146,823.6000000000058,1.2261926955595022,SessionEnd,67990.8570699994,True,2026-02-03 19:00:00
2026-02-05 12:00:00,2026-02-05 14:00:00,short,24849.6,24840.760714285712,24840.760714285712,24567.951428571418,5.43,8.839285714286234,47.997321428574246,0.07059378789586226,SL,68038.85439142797,True,2026-02-05 04:00:00
2026-02-09 10:00:00,2026-02-09 14:00:00,long,24944.2,24944.7,24944.7,25120.833571428568,8.67,0.5,4.335,0.006371359480952922,SL,68043.18939142798,True,2026-02-05 08:00:00
2026-02-11 13:00:00,2026-02-11 15:00:00,long,25206.0,25206.5,25206.5,25515.93642857143,4.94,0.5,2.47,0.0036300473597599596,SL,68045.65939142798,True,2026-02-10 20:00:00
2026-02-12 15:00:00,2026-02-12 16:00:00,short,25162.3,24797.6,24922.30357142857,24517.877500000002,2.38,364.7000000000007,867.9860000000017,1.2755934879063657,SessionEnd,68913.64539142798,True,2026-02-11 13:00:00
2026-02-16 14:00:00,2026-02-16 15:00:00,short,24742.9,24675.02285714287,24765.52571428571,24675.02285714287,22.84,67.87714285713082,1550.313942856868,2.2496472709448456,TP,70463.95933428485,False,2026-02-16 06:00:00
2026-02-17 14:00:00,2026-02-17 15:00:00,short,24691.2,24397.261071428573,24789.179642857143,24397.261071428573,5.39,293.9389285714278,1584.330824999996,2.24842719592841,TP,72048.29015928485,False,2026-02-16 23:00:00
2026-02-18 13:00:00,2026-02-18 14:00:00,long,24775.3,24731.781428571427,24731.781428571427,24905.855714285717,12.42,-43.51857142857261,-540.5006571428719,-0.7501922057385808,SL,71507.78950214198,False,2026-02-17 19:00:00
2026-02-19 10:00:00,2026-02-19 16:00:00,short,24818.1,24776.4,24940.721428571425,24450.235714285718,4.37,41.69999999999709,182.22899999998728,0.25483797117589363,SessionEnd,71690.01850214197,False,2026-02-18 20:00:00
2026-02-20 15:00:00,2026-02-20 16:00:00,long,24882.4,25025.90714285714,24834.56428571429,25025.90714285714,11.24,143.50714285713912,1613.0202857142438,2.249992843377561,TP,73303.03878785622,False,2026-02-20 07:00:00
2026-02-24 15:00:00,2026-02-24 16:00:00,long,24823.0,24973.2,24853.95,25007.07678571428,8.96,150.20000000000073,1345.7920000000067,1.8359293451596415,SessionEnd,74648.83078785622,True,2026-02-24 05:00:00
2026-02-26 14:00:00,2026-02-26 15:00:00,short,25332.7,24979.39,25450.47,24979.39,4.75,353.3100000000013,1678.2225000000062,2.248156444364588,TP,76327.05328785622,False,2026-02-25 21:00:00
2026-03-02 11:00:00,2026-03-02 14:00:00,short,24675.1,24794.50214285714,24794.50214285714,24316.89357142857,4.79,-119.40214285714319,-571.9362642857159,-0.7493231294135548,SL,75755.1170235705,False,2026-03-01 23:00:00
2026-03-03 09:00:00,2026-03-03 12:00:00,short,24501.5,24501.0,24501.0,24308.71571428571,8.84,0.5,4.42,0.00583458936328322,SL,75759.5370235705,True,2026-03-02 08:00:00
2026-03-10 14:00:00,2026-03-10 16:00:00,long,24903.0,25129.6,24978.20714285714,25174.120714285717,6.29,226.59999999999854,1425.3139999999908,1.8813657738649372,SessionEnd,77184.85102357049,True,2026-03-10 03:00:00
2026-03-11 15:00:00,2026-03-11 16:00:00,short,24959.0,24982.3,25167.63,24333.109999999997,2.77,-23.299999999999272,-64.54099999999798,-0.08361874013371955,SessionEnd,77120.31002357049,False,2026-03-05 14:00:00
2026-03-13 09:00:00,2026-03-13 11:00:00,short,24510.2,24635.405714285713,24635.405714285713,24134.582857142865,4.62,-125.20571428571202,-578.4503999999896,-0.7500623374351013,SL,76541.8596235705,False,2026-03-13 00:00:00
2026-03-20 13:00:00,2026-03-20 16:00:00,short,24224.2,24054.9,24188.164285714287,23968.14464285714,6.73,169.29999999999927,1139.3889999999951,1.4885828559737901,SessionEnd,77681.2486235705,True,2026-03-19 13:00:00
