entry_time,exit_time,direction,entry_price,exit_price,sl,tp,lots,pnl_points,pnl_dollars,pnl_pct,reason,capital,be_moved,ob_formed
2022-01-11 15:00:00,2022-01-11 18:00:00,long,1808.803,1818.5344642857144,1812.007107142857,1818.5344642857144,0.23,9.73146428571431,214.62367857142914,2.1462367857142914,TP,10214.62367857143,True,2022-01-11 09:00:00
2022-01-18 14:00:00,2022-01-18 16:00:00,short,1819.78,1819.28,1819.28,1813.2955214285716,0.35,0.20000000000004547,-6.999999999998408,-0.0685292010775026,SL,10207.623678571432,True,2022-01-17 13:00:00
2022-01-19 13:00:00,2022-01-19 18:00:00,long,1819.896,1841.901,1835.3892857142857,1849.184475,0.08,22.00500000000011,172.84000000000088,1.6932442402127232,SessionEnd,10380.463678571432,True,2022-01-18 16:00:00
2022-01-20 13:00:00,2022-01-20 14:00:00,long,1839.757,1845.6853749999998,1837.7808750000002,1845.6853749999998,0.39,5.928374999999733,215.60662499998958,2.077042333331121,TP,10596.070303571421,False,2022-01-19 23:00:00
2022-01-21 08:00:00,2022-01-21 09:00:00,short,1838.08,1831.9427607142857,1840.1257464285713,1831.9427607142857,0.39,6.137239285714259,223.7523321428561,2.1116539031214243,TP,10819.822635714278,False,2022-01-20 21:00:00
2022-01-25 14:00:00,2022-01-25 15:00:00,long,1842.189,1850.3517000000008,1839.4680999999998,1850.3517000000008,0.3,8.162700000000768,232.88100000002305,2.152355060158981,TP,11052.7036357143,False,2022-01-25 01:00:00
2022-02-03 07:00:00,2022-02-03 08:00:00,long,1806.163,1803.4510857142857,1803.4510857142857,1814.298742857143,0.31,-3.0119142857142833,-105.76934285714279,-0.9569544822985498,SL,10946.934292857159,False,2022-02-01 12:00:00
2022-02-03 14:00:00,2022-02-03 15:00:00,short,1797.519,1799.4247892857143,1799.4247892857143,1791.8016321428572,0.43,-2.205789285714218,-112.04893928571137,-1.0235645550446297,SL,10834.885353571448,False,2022-02-02 05:00:00
2022-02-04 13:00:00,2022-02-04 14:00:00,short,1805.897,1800.1317821428572,1807.8187392857142,1800.1317821428572,0.42,5.765217857142716,225.33914999999405,2.0797557394155226,TP,11060.224503571442,False,2022-02-04 01:00:00
2022-02-07 15:00:00,2022-02-07 18:00:00,long,1813.176,1821.124,1816.348,1828.0158107142856,0.17,7.948000000000093,128.31600000000157,1.1601572821470958,SessionEnd,11188.540503571443,True,2022-02-07 01:00:00
2022-02-08 13:00:00,2022-02-08 14:00:00,long,1821.979,1819.88745,1819.88745,1828.2536500000003,0.4,-2.391550000000052,-111.66200000000208,-0.998003269187424,SL,11076.87850357144,False,2022-02-08 00:00:00
2022-02-10 13:00:00,2022-02-10 14:00:00,long,1828.072,1826.7937357142855,1826.7937357142855,1831.906792857143,0.65,-1.57826428571434,-128.5871785714321,-1.1608611444999837,SL,10948.29132500001,False,2022-02-09 04:00:00
2022-02-10 17:00:00,2022-02-10 18:00:00,long,1834.585,1835.262,1835.085,1841.5199285714282,0.36,0.6769999999999072,9.97199999999666,0.09108270600386724,SessionEnd,10958.263325000005,True,2022-02-09 19:00:00
2022-02-15 12:00:00,2022-02-15 14:00:00,short,1853.086,1852.586,1852.586,1844.410235714286,0.28,0.20000000000004547,-5.599999999998729,-0.051102988073146394,SL,10952.663325000007,True,2022-02-14 07:00:00
2022-02-22 09:00:00,2022-02-22 11:00:00,long,1897.379,1893.491142857143,1893.491142857143,1909.042571428571,0.21,-4.187857142856956,-96.34499999999608,-0.8796490601521891,SL,10856.318325000011,False,2022-02-21 11:00:00
2022-02-28 16:00:00,2022-02-28 18:00:00,short,1907.447,1898.791,1906.947,1890.7803607142855,0.15,8.655999999999949,123.83999999999924,1.1407182093658728,SessionEnd,10980.158325000011,True,2022-02-28 04:00:00
2022-03-01 08:00:00,2022-03-01 10:00:00,long,1909.994,1921.4793285714277,1910.494,1921.4793285714277,0.22,11.485328571427772,243.87722857141097,2.221072058825807,TP,11224.035553571422,True,2022-02-28 21:00:00
2022-03-16 14:00:00,2022-03-16 18:00:00,short,1916.134,1915.634,1915.634,1898.856282142857,0.15,0.20000000000004547,-2.999999999999318,-0.026728354393395836,SL,11221.035553571422,True,2022-03-16 08:00:00
2022-03-21 13:00:00,2022-03-21 17:00:00,long,1919.666,1928.0457857142856,1928.0457857142856,1943.8366142857142,0.1,8.079785714285663,76.79785714285663,0.6844097122427659,SL,11297.83341071428,True,2022-03-16 06:00:00
2022-03-21 17:00:00,2022-03-21 18:00:00,long,1928.159,1939.354828571429,1924.4270571428572,1939.354828571429,0.23,11.19582857142882,248.30405714286286,2.1978024291576483,TP,11546.137467857143,False,2022-03-21 02:00:00
2022-03-22 08:00:00,2022-03-22 18:00:00,short,1931.938,1923.6171071428573,1923.6171071428573,1902.3254607142865,0.09,8.020892857142826,68.58803571428544,0.5940344630853832,SL,11614.725503571428,True,2022-03-21 18:00:00
2022-03-24 11:00:00,2022-03-24 12:00:00,long,1946.59,1943.556575,1943.556575,1955.6902749999995,0.29,-3.3334249999998065,-108.26932499999437,-0.9321729124524077,SL,11506.456178571434,False,2022-03-23 20:00:00
2022-03-30 13:00:00,2022-03-30 14:00:00,long,1925.841,1935.8131928571427,1922.5169357142856,1935.8131928571427,0.26,9.972192857142772,248.87701428571208,2.1629336645734396,TP,11755.333192857146,False,2022-03-30 05:00:00
2022-04-04 09:00:00,2022-04-04 12:00:00,short,1927.141,1934.2955714285713,1934.2955714285713,1905.6772857142864,0.12,-7.454571428571171,-94.25485714285405,-0.8018050666579645,SL,11661.078335714292,False,2022-04-01 13:00:00
2022-04-04 13:00:00,2022-04-04 14:00:00,short,1935.505,1928.8662142857142,1937.7179285714287,1928.8662142857142,0.4,6.638785714285859,249.55142857143437,2.1400373223386655,TP,11910.629764285726,False,2022-03-31 23:00:00
2022-04-05 12:00:00,2022-04-05 13:00:00,long,1924.673,1936.2434750000002,1920.816175,1936.2434750000002,0.23,11.570475000000215,256.92092500000496,2.157072548509465,TP,12167.550689285732,False,2022-04-03 22:00:00
2022-04-05 14:00:00,2022-04-05 15:00:00,long,1930.191,1926.781232142857,1926.781232142857,1940.4203035714288,0.27,-3.7097678571428787,-110.96373214285772,-0.9119644123658184,SL,12056.586957142874,False,2022-04-05 02:00:00
2022-04-06 08:00:00,2022-04-06 18:00:00,short,1925.251,1924.338,1936.8162785714285,1890.5551642857145,0.08,0.9130000000000109,4.104000000000087,0.03403948409768396,SessionEnd,12060.690957142873,False,2022-04-04 14:00:00
2022-04-08 13:00:00,2022-04-08 14:00:00,long,1933.398,1947.0125357142854,1928.8598214285714,1947.0125357142854,0.2,13.614535714285466,264.2907142857093,2.1913397435093445,TP,12324.981671428583,False,2022-04-07 19:00:00
2022-04-11 08:00:00,2022-04-11 09:00:00,long,1948.292,1957.386639285714,1945.2604535714286,1957.386639285714,0.3,9.094639285714038,260.83917857142114,2.1163453668745893,TP,12585.820850000004,False,2022-04-10 22:00:00
2022-04-12 12:00:00,2022-04-12 13:00:00,long,1959.089,1964.9977250000002,1957.1194249999999,1964.9977250000002,0.48,5.908725000000231,264.4188000000111,2.1009261386396663,TP,12850.239650000014,False,2022-04-12 04:00:00
2022-04-14 10:00:00,2022-04-14 18:00:00,long,1970.19,1970.41,1959.8400321428571,2001.2399035714288,0.09,0.22000000000002728,-1.6199999999997545,-0.012606768777263641,SessionEnd,12848.619650000015,False,2022-04-12 13:00:00
2022-04-19 11:00:00,2022-04-19 12:00:00,long,1977.143,1969.208457142857,1969.208457142857,2000.946628571429,0.12,-8.23454285714297,-103.61451428571563,-0.8064252589632498,SL,12745.0051357143,False,2022-04-14 12:00:00
2022-04-19 12:00:00,2022-04-19 13:00:00,short,1977.227,1970.7726178571427,1979.378460714286,1970.7726178571427,0.44,6.454382142857412,266.3928142857261,2.0901742404107395,TP,13011.397950000026,False,2022-04-19 03:00:00
2022-04-27 12:00:00,2022-04-27 13:00:00,short,1901.62,1894.3531214285715,1904.0422928571427,1894.3531214285715,0.4,7.266878571428379,274.67514285713514,2.111034832019219,TP,13286.073092857161,False,2022-04-26 16:00:00
2022-05-04 07:00:00,2022-05-04 18:00:00,long,1866.298,1886.935910714286,1859.4186964285714,1886.935910714286,0.14,20.63791071428591,283.33075000000275,2.1325394495407872,TP,13569.403842857164,False,2022-05-02 18:00:00
2022-05-05 14:00:00,2022-05-05 15:00:00,long,1883.898,1880.1649142857143,1880.1649142857143,1895.0972571428567,0.27,-4.033085714285562,-119.69331428571017,-0.8820823351699114,SL,13449.710528571453,False,2022-05-04 20:00:00
2022-05-20 11:00:00,2022-05-20 13:00:00,long,1841.484,1841.984,1841.984,1847.9176714285713,0.47,0.20000000000004547,-9.399999999997862,-0.06988998001131161,SL,13440.310528571456,True,2022-05-19 18:00:00
2022-05-23 16:00:00,2022-05-23 18:00:00,long,1848.839,1856.195,1849.339,1872.3473107142856,0.13,7.3559999999999945,90.42799999999993,0.672811835766501,SessionEnd,13530.738528571455,True,2022-05-20 07:00:00
2022-05-24 07:00:00,2022-05-24 13:00:00,long,1851.926,1863.249617857143,1854.4805357142857,1863.249617857143,0.27,11.323617857143063,294.9376821428627,2.179760413816832,TP,13825.676210714319,True,2022-05-23 16:00:00
2022-05-25 15:00:00,2022-05-25 16:00:00,short,1849.834,1843.9101785714292,1851.808607142857,1843.9101785714292,0.53,5.923821428570818,292.7625357142534,2.1175277885314188,TP,14118.438746428572,False,2022-05-24 02:00:00
2022-05-27 12:00:00,2022-05-27 14:00:00,long,1852.748,1853.248,1853.248,1867.9485607142856,0.21,0.20000000000004547,-4.199999999999045,-0.029748331776850934,SL,14114.238746428573,True,2022-05-27 00:00:00
2022-05-30 08:00:00,2022-05-30 22:00:00,long,1858.304,1854.393,1849.8926535714286,1883.5380392857146,0.13,-3.911000000000058,-56.04300000000076,-0.39706711078684087,SessionEnd,14058.195746428572,False,2022-05-27 12:00:00
2022-05-31 08:00:00,2022-05-31 10:00:00,short,1854.41,1847.7345500000001,1853.91,1847.7345500000001,0.47,6.675449999999955,294.94614999999783,2.0980370121459413,TP,14353.14189642857,True,2022-05-30 12:00:00
2022-06-10 14:00:00,2022-06-10 15:00:00,long,1844.778,1852.723960714286,1842.1293464285714,1852.723960714286,0.41,7.945960714286002,309.3843892857261,2.1555168305185424,TP,14662.526285714295,False,2022-06-10 04:00:00
2022-06-16 15:00:00,2022-06-16 16:00:00,long,1833.537,1849.740985714286,1828.1356714285714,1849.740985714286,0.2,16.203985714285864,316.0797142857173,2.1556975116469106,TP,14978.606000000013,False,2022-06-16 09:00:00
2022-06-21 07:00:00,2022-06-21 09:00:00,short,1838.047,1837.547,1837.547,1829.1010107142858,0.38,0.20000000000004547,-7.599999999998273,-0.05073903405963323,SL,14971.006000000014,True,2022-06-20 12:00:00
2022-06-22 12:00:00,2022-06-22 15:00:00,long,1837.286,1837.786,1837.786,1851.1558464285713,0.24,0.20000000000004547,-4.79999999999891,-0.03206197365760795,SL,14966.206000000015,True,2022-06-21 10:00:00
2022-06-23 13:00:00,2022-06-23 15:00:00,long,1835.642,1836.142,1836.142,1845.803160714286,0.33,0.20000000000004547,-6.5999999999985,-0.04409935290212158,SL,14959.606000000016,True,2022-06-23 01:00:00
2022-06-29 07:00:00,2022-06-29 09:00:00,short,1819.641,1814.7789000000002,1819.141,1814.7789000000002,0.69,4.862099999999828,307.8848999999881,2.058108348575409,TP,15267.490900000004,True,2022-06-28 20:00:00
2022-06-29 10:00:00,2022-06-29 11:00:00,long,1819.694,1825.5279714285712,1817.749342857143,1825.5279714285712,0.59,5.833971428571203,320.6043142857009,2.0999148870342594,TP,15588.095214285706,False,2022-06-28 23:00:00
2022-06-30 12:00:00,2022-06-30 13:00:00,long,1818.535,1815.9901535714284,1815.9901535714284,1826.169539285715,0.46,-2.8448464285716,-149.2629357142936,-0.9575444187529829,SL,15438.832278571412,False,2022-06-29 16:00:00
2022-07-08 07:00:00,2022-07-08 08:00:00,short,1739.841,1741.5471499999999,1741.5471499999999,1734.72255,0.68,-2.006149999999934,-163.6181999999955,-1.0597835189070106,SL,15275.214078571416,False,2022-07-07 19:00:00
2022-07-08 14:00:00,2022-07-08 16:00:00,long,1744.623,1745.123,1745.123,1753.8726964285718,0.37,0.20000000000004547,-7.399999999998318,-0.048444492901603825,SL,15267.814078571419,True,2022-07-08 01:00:00
2022-07-11 13:00:00,2022-07-11 15:00:00,short,1741.119,1740.619,1740.619,1729.1207892857144,0.29,0.20000000000004547,-5.799999999998682,-0.037988411243093795,SL,15262.01407857142,True,2022-07-10 22:00:00
2022-07-12 07:00:00,2022-07-12 08:00:00,short,1735.122,1737.838642857143,1737.838642857143,1726.9720714285713,0.42,-3.0166428571428696,-143.49900000000054,-0.9402363230779602,SL,15118.51507857142,False,2022-07-11 10:00:00
2022-07-13 12:00:00,2022-07-13 13:00:00,short,1724.788,1711.4292357142856,1729.2409214285715,1711.4292357142856,0.25,13.358764285714415,323.96910714286037,2.1428632736692874,TP,15442.48418571428,False,2022-07-13 01:00:00
2022-07-25 17:00:00,2022-07-25 18:00:00,short,1720.546,1716.509,1725.9369964285715,1704.3730107142856,0.21,4.037000000000035,76.37700000000072,0.4945901131027641,SessionEnd,15518.86118571428,False,2022-07-25 01:00:00
2022-07-29 13:00:00,2022-07-29 15:00:00,long,1753.958,1765.5237821428575,1754.9965357142858,1765.5237821428575,0.3,11.565782142857415,334.97346428572246,2.1584925612588033,TP,15853.834650000003,True,2022-07-28 17:00:00
2022-08-02 07:00:00,2022-08-02 13:00:00,long,1772.648,1778.1462857142856,1778.1462857142856,1795.1926999999996,0.16,5.198285714285703,76.77257142857124,0.4842523788310813,SL,15930.607221428574,True,2022-08-01 12:00:00
2022-08-02 17:00:00,2022-08-02 18:00:00,long,1772.972,1767.8749785714285,1767.8749785714285,1788.2630642857143,0.23,-5.397021428571406,-133.33149285714234,-0.836951730740028,SL,15797.275728571432,False,2022-08-01 17:00:00
2022-08-03 13:00:00,2022-08-03 14:00:00,short,1772.471,1759.4806892857146,1776.8011035714285,1759.4806892857146,0.27,12.990310714285442,339.93838928570693,2.151879824892111,TP,16137.21411785714,False,2022-08-02 06:00:00
2022-08-04 07:00:00,2022-08-04 13:00:00,long,1771.89,1780.3627857142858,1780.3627857142858,1795.3629750000002,0.15,8.172785714285737,116.59178571428606,0.7225025637186518,SL,16253.805903571427,True,2022-08-03 13:00:00
2022-08-11 15:00:00,2022-08-11 18:00:00,short,1792.362,1788.094,1808.4933785714284,1743.9678642857152,0.08,4.268000000000029,30.944000000000234,0.1903800265831952,SessionEnd,16284.749903571426,False,2022-08-10 12:00:00
2022-08-16 07:00:00,2022-08-16 10:00:00,short,1777.646,1777.146,1777.146,1767.6989535714283,0.37,0.20000000000004547,-7.399999999998318,-0.04544128736281922,SL,16277.349903571429,True,2022-08-16 01:00:00
2022-08-17 07:00:00,2022-08-17 08:00:00,short,1776.319,1772.5147,1777.5871,1772.5147,0.96,3.804300000000012,326.8128000000012,2.0077764619921017,TP,16604.16270357143,False,2022-08-16 18:00:00
2022-08-18 15:00:00,2022-08-18 16:00:00,short,1762.288,1757.5359464285712,1763.872017857143,1757.5359464285712,0.79,4.75205357142886,343.8122321428799,2.07063878065305,TP,16947.97493571431,False,2022-08-18 04:00:00
2022-08-19 12:00:00,2022-08-19 14:00:00,short,1757.175,1749.3282535714284,1756.675,1749.3282535714284,0.49,7.846746428571578,364.8905750000073,2.15300398061763,TP,17312.865510714317,True,2022-08-18 17:00:00
2022-08-23 13:00:00,2022-08-23 14:00:00,long,1736.571,1745.2555607142854,1733.6761464285714,1745.2555607142854,0.45,8.684560714285453,372.8052321428454,2.1533421599799842,TP,17685.67074285716,False,2022-08-22 19:00:00
2022-08-25 14:00:00,2022-08-25 18:00:00,long,1752.555,1756.02,1753.055,1760.2056964285714,0.52,3.464999999999918,159.37999999999573,0.9011815402272243,SessionEnd,17845.05074285716,True,2022-08-24 15:00:00
2022-08-26 13:00:00,2022-08-26 15:00:00,short,1753.378,1739.130571428571,1748.832642857143,1739.130571428571,0.28,14.247428571428827,387.7280000000072,2.172748094623397,TP,18232.778742857165,True,2022-08-25 14:00:00
2022-08-31 14:00:00,2022-08-31 16:00:00,short,1723.143,1717.0516071428572,1722.643,1717.0516071428572,0.67,6.091392857142864,381.3233214285719,2.0914163814879743,TP,18614.102064285737,True,2022-08-30 20:00:00
2022-09-01 08:00:00,2022-09-01 09:00:00,short,1703.421,1706.7402357142855,1706.7402357142855,1693.4632928571436,0.42,-3.6192357142854235,-168.8078999999878,-0.9068817792928832,SL,18445.294164285748,False,2022-09-01 02:00:00
2022-09-02 12:00:00,2022-09-02 17:00:00,long,1704.986,1711.6375714285716,1711.6375714285716,1719.7566071428578,0.28,6.35157142857156,166.6440000000037,0.9034499450958288,SL,18611.93816428575,True,2022-09-01 08:00:00
2022-09-06 10:00:00,2022-09-06 12:00:00,long,1711.614,1707.5267928571427,1707.5267928571427,1723.875621428572,0.34,-4.387207142857278,-162.76504285714745,-0.8745195767385234,SL,18449.173121428605,False,2022-09-05 07:00:00
2022-09-06 12:00:00,2022-09-06 14:00:00,short,1709.695,1709.195,1709.195,1697.3743107142857,0.34,0.20000000000004547,-6.799999999998455,-0.036858020439410895,SL,18442.373121428605,True,2022-09-05 22:00:00
2022-09-08 08:00:00,2022-09-08 11:00:00,long,1716.932,1726.7986892857143,1718.7256428571427,1726.7986892857143,0.42,9.866689285714301,397.60095000000064,2.155909911279364,TP,18839.974071428605,True,2022-09-07 18:00:00
2022-09-09 12:00:00,2022-09-09 13:00:00,long,1719.565,1716.9043107142857,1716.9043107142857,1727.5470678571432,0.53,-2.960689285714352,-178.11653214286065,-0.9454181384091169,SL,18661.857539285746,False,2022-09-08 07:00:00
2022-09-12 11:00:00,2022-09-12 13:00:00,long,1728.512,1729.012,1729.012,1740.0465178571426,0.36,0.20000000000004547,-7.199999999998363,-0.03858136835972188,SL,18654.65753928575,True,2022-09-09 09:00:00
2022-09-13 12:00:00,2022-09-13 13:00:00,short,1730.051,1712.7219607142854,1735.8273464285714,1712.7219607142854,0.24,17.329039285714543,406.296942857149,2.1779919679656867,TP,19060.954482142897,False,2022-09-12 15:00:00
2022-09-14 17:00:00,2022-09-14 18:00:00,short,1700.836,1695.051,1700.336,1689.5153178571431,0.38,5.785000000000082,204.63000000000312,1.0735558924486657,SessionEnd,19265.584482142902,True,2022-09-14 07:00:00
2022-09-27 07:00:00,2022-09-27 11:00:00,short,1640.211,1638.8454285714286,1638.8454285714286,1623.685092857143,0.26,1.065571428571502,17.304857142859056,0.08982264285258916,SL,19282.88933928576,True,2022-09-23 19:00:00
2022-09-28 10:00:00,2022-09-28 11:00:00,short,1629.414,1622.802225,1631.617925,1622.802225,0.66,6.61177500000008,409.9771500000053,2.126118875581282,TP,19692.866489285767,False,2022-09-27 17:00:00
2022-09-28 13:00:00,2022-09-28 14:00:00,long,1635.74,1648.8709249999997,1631.363025,1648.8709249999997,0.34,13.130924999999706,432.85144999999,2.1980113978606926,TP,20125.717939285758,False,2022-09-27 09:00:00
2022-10-03 09:00:00,2022-10-03 10:00:00,long,1659.848,1664.8946964285715,1658.1657678571428,1664.8946964285715,0.9,5.046696428571522,418.202678571437,2.077951603182801,TP,20543.920617857195,False,2022-09-29 16:00:00
2022-10-03 14:00:00,2022-10-03 17:00:00,long,1671.32,1696.119371428571,1681.3861785714284,1696.119371428571,0.19,24.79937142857102,463.5880571428494,2.256570524030789,TP,21007.508675000045,True,2022-09-30 16:00:00
2022-10-07 12:00:00,2022-10-07 16:00:00,short,1708.171,1706.4223214285714,1706.4223214285714,1693.103714285714,0.31,1.4486785714286725,32.50903571428885,0.1547496003320764,SL,21040.01771071433,True,2022-10-06 16:00:00
2022-10-11 15:00:00,2022-10-11 18:00:00,long,1672.351,1672.851,1672.851,1690.0720321428578,0.27,0.20000000000004547,-5.399999999998773,-0.02566537763534723,SL,21034.617710714334,True,2022-10-11 01:00:00
2022-10-13 12:00:00,2022-10-13 13:00:00,short,1668.496,1654.2727428571438,1673.2370857142855,1654.2727428571438,0.33,14.223257142856255,456.16748571425643,2.1686511824833397,TP,21490.78519642859,False,2022-10-12 12:00:00
2022-10-14 12:00:00,2022-10-14 18:00:00,short,1661.739,1642.282,1652.9083214285713,1639.4769857142862,0.22,19.457000000000107,419.25400000000235,1.950854732239729,SessionEnd,21910.039196428592,True,2022-10-14 01:00:00
2022-10-21 12:00:00,2022-10-21 15:00:00,short,1632.641,1645.7971392857141,1645.7971392857141,1593.172582142858,0.12,-13.456139285714016,-166.2736714285682,-0.7588926242344257,SL,21743.765525000024,False,2022-10-20 14:00:00
2022-10-21 15:00:00,2022-10-21 18:00:00,long,1644.828,1653.745,1645.328,1661.0930249999994,0.3,8.916999999999916,255.5099999999975,1.175095453021802,SessionEnd,21999.275525000023,True,2022-10-20 15:00:00
2022-10-25 13:00:00,2022-10-25 16:00:00,long,1653.633,1654.133,1654.133,1670.4254035714287,0.29,0.20000000000004547,-5.799999999998682,-0.02636450456474146,SL,21993.475525000023,True,2022-10-25 01:00:00
2022-10-27 07:00:00,2022-10-27 12:00:00,long,1659.156,1659.656,1659.656,1677.2304428571426,0.27,0.20000000000004547,-5.399999999998773,-0.02455273607784537,SL,21988.075525000026,True,2022-10-25 14:00:00
2022-11-10 13:00:00,2022-11-10 14:00:00,long,1712.209,1724.740407142857,1708.0318642857144,1724.740407142857,0.39,12.531407142857006,473.1248785714232,2.1517339161105262,TP,22461.20040357145,False,2022-11-10 06:00:00
2022-11-14 07:00:00,2022-11-14 10:00:00,long,1763.834,1756.6788571428572,1756.6788571428572,1785.2994285714287,0.24,-7.455142857142846,-188.5234285714283,-0.839329266397766,SL,22272.67697500002,False,2022-11-11 10:00:00
2022-11-18 14:00:00,2022-11-18 16:00:00,short,1756.571,1756.071,1756.071,1740.7406857142848,0.32,0.20000000000004547,-6.3999999999985455,-0.028734758768253273,SL,22266.276975000023,True,2022-11-17 14:00:00
2022-11-22 07:00:00,2022-11-22 09:00:00,short,1744.319,1747.3746678571426,1747.3746678571426,1735.151996428572,0.55,-3.3556678571426346,-206.5617321428449,-0.9276886853368745,SL,22059.71524285718,False,2022-11-21 03:00:00
2022-11-22 17:00:00,2022-11-22 18:00:00,short,1740.841,1738.674,1745.3961535714284,1727.1755392857144,0.36,2.1669999999999163,63.61199999999699,0.2883627431255905,SessionEnd,22123.327242857176,False,2022-11-22 07:00:00
2022-11-23 07:00:00,2022-11-23 09:00:00,long,1739.6,1740.1,1740.1,1747.081592857143,0.67,0.20000000000004547,-13.399999999996954,-0.06056955110277695,SL,22109.92724285718,True,2022-11-22 18:00:00
2022-11-25 07:00:00,2022-11-25 10:00:00,short,1754.313,1753.813,1753.813,1748.5358250000006,0.86,0.20000000000004547,-17.199999999996088,-0.07779310990520202,SL,22092.72724285718,True,2022-11-24 23:00:00
2022-11-28 08:00:00,2022-11-28 09:00:00,long,1751.676,1760.8797749999994,1748.608075,1760.8797749999994,0.54,9.203774999999496,475.40384999997275,2.151856784244127,TP,22568.131092857155,False,2022-11-25 15:00:00
2022-11-30 08:00:00,2022-11-30 13:00:00,long,1755.186,1758.01325,1758.01325,1771.6639285714282,0.31,2.5272500000000946,65.94475000000293,0.2922029729828826,SL,22634.075842857157,True,2022-11-29 13:00:00
2022-12-05 07:00:00,2022-12-05 09:00:00,long,1799.844,1796.6256285714287,1796.6256285714287,1809.499114285714,0.53,-3.5183714285712995,-207.67368571427886,-0.9175266847920206,SL,22426.40215714288,False,2022-12-02 01:00:00
2022-12-08 14:00:00,2022-12-08 18:00:00,long,1785.419,1789.595,1785.919,1798.7845464285717,0.38,4.175999999999931,143.48799999999738,0.6398172965711132,SessionEnd,22569.890157142876,True,2022-12-08 01:00:00
2022-12-09 07:00:00,2022-12-09 09:00:00,long,1792.339,1789.421392857143,1789.421392857143,1801.0918214285707,0.58,-3.2176071428568775,-209.82121428569886,-0.9296510210055012,SL,22360.06894285718,False,2022-12-08 15:00:00
2022-12-09 11:00:00,2022-12-09 13:00:00,long,1796.486,1796.986,1796.986,1802.3614250000005,0.86,0.20000000000004547,-17.199999999996088,-0.0769228397459416,SL,22342.86894285718,True,2022-12-09 05:00:00
2022-12-12 12:00:00,2022-12-12 18:00:00,short,1794.565,1780.459,1786.5986071428572,1773.6350392857148,0.24,14.105999999999995,328.94399999999985,1.4722549769292737,SessionEnd,22671.81294285718,True,2022-12-09 11:00:00
2022-12-13 13:00:00,2022-12-13 14:00:00,long,1790.761,1803.4546964285714,1786.5297678571428,1803.4546964285714,0.4,12.693696428571457,491.74785714285827,2.168983390883987,TP,23163.56080000004,False,2022-12-12 02:00:00
2022-12-19 15:00:00,2022-12-19 16:00:00,short,1793.229,1785.7072928571433,1795.7362357142856,1785.7072928571433,0.69,7.521707142856712,491.39779285711313,2.1214259633912254,TP,23654.958592857154,False,2022-12-19 01:00:00
2022-12-22 13:00:00,2022-12-22 14:00:00,short,1814.654,1804.6639892857145,1817.9840035714285,1804.6639892857145,0.53,9.990010714285518,508.27056785713245,2.1486850879993074,TP,24163.229160714287,False,2022-12-22 07:00:00
2022-12-29 11:00:00,2022-12-29 14:00:00,long,1805.923,1815.197617857143,1806.423,1815.197617857143,0.59,9.274617857143085,523.6024535714419,2.166939071300699,TP,24686.83161428573,True,2022-12-28 13:00:00
2022-12-30 17:00:00,2022-12-30 18:00:00,long,1820.045,1819.163,1820.545,1836.3391464285712,0.34,-0.8820000000000618,-43.588000000002104,-0.1765637676030434,SessionEnd,24643.243614285726,True,2022-12-30 07:00:00
2023-01-05 11:00:00,2023-01-05 13:00:00,short,1850.518,1842.45445,1850.018,1842.45445,0.69,8.063550000000077,528.7849500000053,2.1457603482581646,TP,25172.02856428573,True,2023-01-04 19:00:00
2023-01-10 09:00:00,2023-01-10 18:00:00,long,1875.158,1875.596,1868.6484178571427,1894.6867464285715,0.29,0.43800000000010186,1.1020000000029526,0.004377875216487235,SessionEnd,25173.130564285733,False,2023-01-09 20:00:00
2023-01-11 12:00:00,2023-01-11 14:00:00,long,1878.212,1873.974292857143,1873.974292857143,1890.9251214285712,0.45,-4.537707142857016,-222.19682142856573,-0.8826745678735981,SL,24950.933742857167,False,2023-01-10 15:00:00
2023-01-11 14:00:00,2023-01-11 16:00:00,short,1876.591,1868.2681535714285,1876.091,1868.2681535714285,0.67,8.322846428571438,530.8307107142864,2.12749837815689,TP,25481.764453571453,True,2023-01-10 20:00:00
2023-01-12 13:00:00,2023-01-12 14:00:00,long,1882.239,1879.8152142857143,1879.8152142857143,1889.5103571428572,0.79,-2.7237857142856683,-246.7790714285678,-0.9684536244662599,SL,25234.985382142884,False,2023-01-11 06:00:00
2023-01-13 08:00:00,2023-01-13 09:00:00,long,1898.398,1905.1400392857138,1896.1506535714286,1905.1400392857138,0.84,6.742039285713872,532.7312999999652,2.111082261125238,TP,25767.71668214285,False,2023-01-12 21:00:00
2023-01-16 07:00:00,2023-01-16 13:00:00,long,1913.635,1914.135,1914.135,1928.3925785714287,0.39,0.20000000000004547,-7.799999999998228,-0.030270435274552924,SL,25759.91668214285,True,2023-01-13 16:00:00
2023-01-18 07:00:00,2023-01-18 08:00:00,short,1905.556,1909.9757821428573,1909.9757821428573,1892.2966535714284,0.44,-4.719782142857184,-225.2704142857161,-0.8744997783392553,SL,25534.646267857137,False,2023-01-17 19:00:00
2023-01-18 15:00:00,2023-01-18 16:00:00,long,1912.654,1907.1268499999999,1907.1268499999999,1929.2354500000004,0.35,-5.827150000000074,-217.9502500000026,-0.853547167694103,SL,25316.696017857135,False,2023-01-17 12:00:00
2023-01-26 11:00:00,2023-01-26 13:00:00,long,1937.37,1934.4208142857142,1934.4208142857142,1946.217557142857,0.64,-3.249185714285659,-233.54788571428216,-0.9225053914995429,SL,25083.148132142855,False,2023-01-25 02:00:00
2023-01-31 15:00:00,2023-01-31 18:00:00,long,1923.278,1929.31,1923.778,1932.465242857143,0.61,6.031999999999925,343.5519999999955,1.3696526376597442,SessionEnd,25426.70013214285,True,2023-01-30 20:00:00
2023-02-01 15:00:00,2023-02-01 16:00:00,long,1928.606,1925.6336142857144,1925.6336142857144,1937.5231571428567,0.64,-3.2723857142855195,-235.03268571427324,-0.9243538661832078,SL,25191.66744642858,False,2023-01-31 16:00:00
2023-02-03 13:00:00,2023-02-03 14:00:00,short,1912.156,1890.4320142857143,1919.3973285714285,1890.4320142857143,0.26,21.723985714285618,554.4236285714261,2.200821480953722,TP,25746.091075000004,False,2023-02-02 18:00:00
2023-02-07 15:00:00,2023-02-07 17:00:00,long,1876.192,1871.0625035714286,1871.0625035714286,1891.5804892857143,0.38,-5.429496428571383,-221.52086428571255,-0.8604058132180461,SL,25524.57021071429,False,2023-02-07 08:00:00
2023-02-08 07:00:00,2023-02-08 10:00:00,long,1879.383,1879.883,1879.883,1897.8745392857147,0.31,0.20000000000004547,-6.199999999998591,-0.024290320850911155,SL,25518.370210714293,True,2023-02-07 16:00:00
2023-02-09 17:00:00,2023-02-09 18:00:00,short,1874.323,1866.282,1873.823,1863.7039642857144,0.54,8.041000000000167,412.614000000009,1.6169292811135976,SessionEnd,25930.9842107143,True,2023-02-09 01:00:00
2023-02-14 07:00:00,2023-02-14 09:00:00,short,1863.951,1863.451,1863.451,1849.008878571429,0.39,0.20000000000004547,-7.799999999998228,-0.030079845549307697,SL,25923.184210714302,True,2023-02-10 13:00:00
2023-02-14 16:00:00,2023-02-14 18:00:00,short,1851.487,1856.8681607142858,1856.8681607142858,1835.343517857143,0.36,-5.681160714285625,-218.9217857142825,-0.8445019096990408,SL,25704.26242500002,False,2023-02-13 18:00:00
2023-02-16 13:00:00,2023-02-16 16:00:00,short,1835.329,1834.829,1834.829,1812.4216964285715,0.25,0.20000000000004547,-4.999999999998863,-0.019452026739097763,SL,25699.26242500002,True,2023-02-16 01:00:00
2023-02-17 12:00:00,2023-02-17 15:00:00,short,1828.749,1836.452167857143,1836.452167857143,1805.6394964285712,0.25,-8.003167857142898,-210.07919642857246,-0.8174522402798972,SL,25489.183228571448,False,2023-02-16 15:00:00
2023-02-20 08:00:00,2023-02-20 10:00:00,long,1842.713,1843.213,1843.213,1849.4854785714283,0.85,0.20000000000004547,-16.999999999996135,-0.06669495780837896,SL,25472.18322857145,True,2023-02-17 20:00:00
2023-02-22 07:00:00,2023-02-22 08:00:00,long,1836.908,1834.587942857143,1834.587942857143,1843.8681714285708,0.82,-2.620057142856922,-247.6446857142676,-0.9722161759440052,SL,25224.538542857183,False,2023-02-22 01:00:00
2023-02-23 07:00:00,2023-02-23 13:00:00,short,1832.984,1818.585146428571,1831.0513214285716,1818.585146428571,0.39,14.398853571428845,545.9552892857249,2.1643816728624468,TP,25770.493832142907,True,2023-02-21 17:00:00
2023-02-28 15:00:00,2023-02-28 16:00:00,long,1818.805,1826.2637392857148,1816.3187535714285,1826.2637392857148,0.78,7.458739285714728,550.5816642857487,2.1364808446123824,TP,26321.075496428657,False,2023-02-27 19:00:00
2023-03-09 13:00:00,2023-03-09 14:00:00,long,1815.842,1828.1863250000001,1811.727225,1828.1863250000001,0.48,12.344325000000026,573.3276000000012,2.1782073459642346,TP,26894.403096428658,False,2023-03-09 01:00:00
2023-03-15 10:00:00,2023-03-15 11:00:00,long,1903.055,1914.6345392857145,1899.1951535714286,1914.6345392857145,0.52,11.579539285714418,581.3360428571498,2.1615502704142417,TP,27475.739139285808,False,2023-03-15 00:00:00
2023-03-17 11:00:00,2023-03-17 14:00:00,long,1930.349,1953.6847035714286,1942.5813214285715,1953.6847035714286,0.26,23.335703571428667,596.3282928571454,2.1703812582952264,TP,28072.067432142954,True,2023-03-16 13:00:00
2023-03-20 10:00:00,2023-03-20 14:00:00,long,1983.574,1972.2542964285715,1972.2542964285715,2017.5331107142858,0.19,-11.619703571428545,-228.37436785714235,-0.8135288517996723,SL,27843.693064285813,False,2023-03-17 19:00:00
2023-03-23 13:00:00,2023-03-23 15:00:00,long,1978.224,1978.724,1978.724,1990.963457142857,0.49,0.20000000000004547,-9.799999999997773,-0.03519648050052638,SL,27833.893064285814,True,2023-03-23 07:00:00
2023-03-24 17:00:00,2023-03-24 18:00:00,short,1985.961,1978.292,1985.461,1969.97565,0.39,7.669000000000096,283.49100000000374,1.018510056589088,SessionEnd,28117.38406428582,True,2023-03-24 07:00:00
2023-03-30 14:00:00,2023-03-30 16:00:00,long,1966.693,1981.6618749999998,1968.0609642857144,1981.6618749999998,0.42,14.968874999999798,611.8927499999916,2.176207959463791,TP,28729.27681428581,True,2023-03-29 12:00:00
2023-04-03 15:00:00,2023-04-03 18:00:00,long,1984.169,1982.379,1973.8577785714288,2015.1026642857141,0.21,-1.790000000000191,-45.99000000000401,-0.16008060452512052,SessionEnd,28683.286814285806,False,2023-03-31 07:00:00
2023-04-11 12:00:00,2023-04-11 18:00:00,short,1997.006,2004.475,2007.0812214285713,1966.7803357142864,0.21,-7.468999999999824,-165.2489999999963,-0.5761159837431653,SessionEnd,28518.03781428581,False,2023-04-09 22:00:00
2023-04-14 14:00:00,2023-04-14 18:00:00,short,2015.333,2006.307,2007.2335,1988.5806928571433,0.24,9.026000000000067,207.02400000000162,0.7259405480425274,SessionEnd,28725.06181428581,True,2023-04-13 06:00:00
2023-04-18 07:00:00,2023-04-18 12:00:00,short,2001.189,2005.3806,2005.3806,1988.6142000000004,0.51,-4.491599999999835,-249.47159999999158,-0.8684806376149278,SL,28475.59021428582,False,2023-04-16 23:00:00
2023-04-21 10:00:00,2023-04-21 11:00:00,short,1991.74,1985.3183392857147,1993.8805535714284,1985.3183392857147,1.0,6.421660714285281,602.1660714285281,2.114674592860342,TP,29077.75628571435,False,2023-04-20 03:00:00
2023-04-26 15:00:00,2023-04-26 16:00:00,short,1997.717,1989.875503571429,2000.3308321428572,1989.875503571429,0.83,7.84149642857119,617.6442035714088,2.124112319748866,TP,29695.40048928576,False,2023-04-26 01:00:00
2023-04-27 13:00:00,2023-04-27 17:00:00,short,1986.551,1986.051,1986.051,1977.5085607142857,0.74,0.20000000000004547,-14.799999999996636,-0.04983936823932227,SL,29680.600489285764,True,2023-04-26 17:00:00
2023-04-28 14:00:00,2023-04-28 15:00:00,long,1983.322,1989.8383749999994,1981.149875,1989.8383749999994,1.02,6.516374999999471,623.870249999946,2.1019461861128907,TP,30304.47073928571,False,2023-04-27 15:00:00
2023-05-02 14:00:00,2023-05-02 18:00:00,long,2003.968,2014.28,2006.293857142857,2026.7909178571433,0.3,10.311999999999898,297.35999999999694,0.9812413572843207,SessionEnd,30601.830739285706,True,2023-05-01 13:00:00
2023-05-03 14:00:00,2023-05-03 17:00:00,long,2018.425,2027.8383464285712,2018.925,2027.8383464285712,0.73,9.41334642857123,657.9742892856998,2.1501141382401423,TP,31259.805028571405,True,2023-05-03 04:00:00
2023-05-09 13:00:00,2023-05-09 18:00:00,long,2026.06,2035.248,2029.05175,2052.4081964285706,0.27,9.188000000000102,237.27600000000274,0.7590450413338564,SessionEnd,31497.081028571407,True,2023-05-08 13:00:00
2023-05-10 12:00:00,2023-05-10 13:00:00,long,2026.04,2035.0834035714283,2023.0255321428572,2035.0834035714283,0.78,9.043403571428371,674.1854785714129,2.1404697087957154,TP,32171.26650714282,False,2023-05-09 06:00:00
2023-05-10 13:00:00,2023-05-10 14:00:00,long,2035.279,2033.2108357142856,2033.2108357142856,2041.4834928571431,1.17,-2.368164285714329,-323.8752214285764,-1.006722011881839,SL,31847.391285714242,False,2023-05-09 19:00:00
2023-05-11 11:00:00,2023-05-11 12:00:00,long,2035.298,2032.321475,2032.321475,2044.2275750000001,0.8,-3.2765249999999924,-294.1219999999994,-0.9235356119480136,SL,31553.269285714243,False,2023-05-11 01:00:00
2023-05-11 13:00:00,2023-05-11 18:00:00,short,2029.277,2014.422,2049.1407214285714,1969.685835714286,0.12,14.855000000000018,173.4600000000002,0.5497370127618894,SessionEnd,31726.729285714242,False,2023-05-10 12:00:00
2023-05-12 13:00:00,2023-05-12 14:00:00,long,2015.651,2012.7441714285715,2012.7441714285715,2024.3714857142859,0.82,-3.2068285714285594,-295.7599428571419,-0.9322106296986474,SL,31430.9693428571,False,2023-05-11 17:00:00
2023-05-18 07:00:00,2023-05-18 15:00:00,short,1977.584,1953.1605821428575,1962.3062142857143,1953.1605821428575,0.29,24.423417857142567,696.6791178571343,2.216537168350041,TP,32127.648460714234,True,2023-05-17 14:00:00
2023-05-19 15:00:00,2023-05-19 16:00:00,long,1958.492,1970.2538749999999,1954.571375,1970.2538749999999,0.61,11.761874999999918,693.074374999995,2.157252112141005,TP,32820.72283571423,False,2023-05-18 18:00:00
2023-05-24 14:00:00,2023-05-24 18:00:00,short,1971.759,1959.781,1967.54775,1955.7952071428572,0.46,11.978000000000065,532.588000000003,1.622718678884371,SessionEnd,33353.310835714234,True,2023-05-24 07:00:00
2023-05-25 12:00:00,2023-05-25 18:00:00,short,1955.891,1942.104,1950.8031428571428,1939.9237142857141,0.47,13.787000000000035,629.1890000000016,1.886436411363022,SessionEnd,33982.49983571423,True,2023-05-25 06:00:00
2023-05-30 08:00:00,2023-05-30 09:00:00,short,1944.193,1945.969607142857,1945.969607142857,1938.8631785714288,1.43,-2.0766071428570285,-354.15482142855507,-1.0421682428917507,SL,33628.345014285675,False,2023-05-29 08:00:00
2023-05-30 09:00:00,2023-05-30 10:00:00,long,1943.023,1949.9315821428565,1940.7201392857144,1949.9315821428565,1.1,6.9085821428566305,715.9440357142294,2.1289898013419597,TP,34344.289049999905,False,2023-05-29 23:00:00
2023-06-01 09:00:00,2023-06-01 12:00:00,long,1959.567,1962.4448214285715,1962.4448214285715,1975.3841464285715,0.49,2.5778214285714967,106.71325000000334,0.3107161421936718,SL,34451.002299999906,True,2023-05-31 01:00:00
2023-06-01 12:00:00,2023-06-01 13:00:00,long,1964.486,1971.7752500000001,1962.05625,1971.7752500000001,1.06,7.289250000000038,730.2605000000041,2.119707559277618,TP,35181.26279999991,False,2023-05-31 19:00:00
2023-06-02 13:00:00,2023-06-02 14:00:00,short,1975.791,1964.9680821428567,1979.3986392857144,1964.9680821428567,0.73,10.822917857143239,760.8730035714564,2.1627222646807844,TP,35942.135803571364,False,2023-06-02 01:00:00
2023-06-07 13:00:00,2023-06-07 14:00:00,long,1964.456,1962.398307142857,1962.398307142857,1970.6290785714286,1.31,-2.3576928571428653,-361.2577642857153,-1.005109340914068,SL,35580.87803928565,False,2023-06-06 18:00:00
2023-06-12 13:00:00,2023-06-12 14:00:00,short,1963.631,1952.0225750000002,1967.500475,1952.0225750000002,0.69,11.608424999999897,773.3813249999929,2.1735869591135026,TP,36354.259364285645,False,2023-06-09 11:00:00
2023-06-13 13:00:00,2023-06-13 15:00:00,short,1956.883,1947.0252250000003,1956.383,1947.0252250000003,0.83,9.85777499999972,784.9953249999767,2.159293955445437,TP,37139.25468928562,True,2023-06-13 02:00:00
2023-06-16 07:00:00,2023-06-16 11:00:00,long,1959.492,1966.2570428571426,1960.4174642857142,1966.2570428571426,1.24,6.765042857142589,789.265314285681,2.125151193498177,TP,37928.5200035713,True,2023-06-15 17:00:00
2023-06-20 07:00:00,2023-06-20 09:00:00,long,1952.665,1953.165,1953.165,1960.6483214285715,1.07,0.20000000000004547,-21.39999999999514,-0.056421922073363634,SL,37907.120003571305,True,2023-06-19 15:00:00
2023-06-20 12:00:00,2023-06-20 13:00:00,short,1950.701,1938.553710714286,1954.7500964285714,1938.553710714286,0.7,12.147289285714123,822.3102499999886,2.1692765103825273,TP,38729.43025357129,False,2023-06-19 22:00:00
2023-06-26 07:00:00,2023-06-26 08:00:00,long,1926.343,1931.6068107142864,1924.5883964285713,1931.6068107142864,1.66,5.263810714286365,807.3925785715365,2.084700377168822,TP,39536.82283214283,False,2023-06-26 01:00:00
2023-06-27 14:00:00,2023-06-27 15:00:00,short,1923.203,1916.8216892857138,1925.3301035714287,1916.8216892857138,1.39,6.381310714286201,831.4021892857819,2.1028553377077754,TP,40368.22502142862,False,2023-06-26 22:00:00
2023-06-28 15:00:00,2023-06-28 18:00:00,short,1912.117,1912.174,1915.4460285714288,1902.1299142857135,0.91,-0.05700000000001637,-41.58700000000149,-0.10301914433425276,SessionEnd,40326.63802142862,False,2023-06-27 18:00:00
2023-06-29 12:00:00,2023-06-29 14:00:00,short,1906.896,1906.2292857142859,1906.2292857142859,1891.3234928571424,0.58,0.36671428571412434,-1.930571428580791,-0.004787335427155944,SL,40324.70745000004,True,2023-06-28 13:00:00
2023-06-30 12:00:00,2023-06-30 13:00:00,long,1908.16,1912.7295892857146,1906.6368035714286,1912.7295892857146,1.99,4.569589285714528,829.7482678571911,2.0576671731246257,TP,41154.45571785723,False,2023-06-30 05:00:00
2023-07-03 12:00:00,2023-07-03 16:00:00,long,1920.056,1923.6580357142857,1923.6580357142857,1932.006885714286,0.77,3.3020357142856938,223.4567499999984,0.5429709762946491,SL,41377.912467857226,True,2023-07-03 05:00:00
2023-07-06 12:00:00,2023-07-06 13:00:00,short,1927.468,1918.0664821428575,1930.6018392857143,1918.0664821428575,0.99,9.401517857142608,891.1502678571181,2.1536859031962345,TP,42269.062735714346,False,2023-07-05 12:00:00
2023-07-07 14:00:00,2023-07-07 18:00:00,long,1926.586,1926.326,1901.8687,2000.7379,0.13,-0.2599999999999909,-8.579999999999881,-0.02029853383228768,SessionEnd,42260.482735714344,False,2023-07-06 12:00:00
2023-07-10 12:00:00,2023-07-10 14:00:00,short,1920.196,1919.696,1919.696,1906.0758892857136,0.67,0.20000000000004547,-13.399999999996954,-0.031708109166184724,SL,42247.08273571435,True,2023-07-10 06:00:00
2023-07-17 12:00:00,2023-07-17 13:00:00,short,1957.455,1945.8397714285707,1961.326742857143,1945.8397714285707,0.82,11.61522857142927,919.6487428572002,2.1768337203547503,TP,43166.73147857155,False,2023-07-14 13:00:00
2023-07-20 13:00:00,2023-07-20 14:00:00,long,1974.856,1970.89985,1970.89985,1986.72445,0.82,-4.256149999999934,-381.8042999999946,-0.8844873978691822,SL,42784.927178571554,False,2023-07-19 11:00:00
2023-07-25 17:00:00,2023-07-25 18:00:00,long,1961.553,1963.491,1962.053,1966.5761250000003,1.92,1.9379999999998745,295.2959999999759,0.6901869875049647,SessionEnd,43080.22317857153,True,2023-07-25 04:00:00
2023-07-26 13:00:00,2023-07-26 15:00:00,long,1965.15,1969.6800964285717,1965.65,1969.6800964285717,2.14,4.530096428571596,883.8406357143216,2.0516157310762297,TP,43964.06381428585,True,2023-07-25 22:00:00
2023-07-27 12:00:00,2023-07-27 13:00:00,short,1970.613,1962.944142857143,1973.1692857142857,1962.944142857143,1.29,7.66885714285695,937.6825714285466,2.1328387097915464,TP,44901.746385714396,False,2023-07-26 08:00:00
2023-08-01 12:00:00,2023-08-01 13:00:00,short,1954.397,1950.3401642857136,1955.7492785714287,1950.3401642857136,2.49,4.056835714286308,910.5520928572907,2.027876789101872,TP,45812.29847857168,False,2023-07-31 05:00:00
2023-08-04 12:00:00,2023-08-04 13:00:00,long,1934.721,1942.457957142857,1932.1420142857144,1942.457957142857,1.33,7.736957142856909,975.8152999999688,2.130029124071123,TP,46788.11377857165,False,2023-08-03 18:00:00
2023-08-08 07:00:00,2023-08-08 14:00:00,short,1933.557,1930.601892857143,1930.601892857143,1922.559021428571,0.96,2.655107142857105,216.49028571428207,0.46270359762489893,SL,47004.60406428593,True,2023-08-07 14:00:00
2023-08-09 13:00:00,2023-08-09 18:00:00,short,1925.005,1916.119,1921.1460357142855,1911.6942142857145,0.79,8.886000000000195,670.3940000000154,1.4262305009167822,SessionEnd,47674.998064285945,True,2023-08-09 01:00:00
2023-08-15 15:00:00,2023-08-15 18:00:00,short,1910.581,1902.575,1908.6415357142857,1901.160732142857,1.14,8.005999999999858,867.0839999999837,1.8187394550720062,SessionEnd,48542.082064285925,True,2023-08-14 16:00:00
2023-08-18 07:00:00,2023-08-18 10:00:00,short,1892.167,1895.2651428571428,1895.2651428571428,1882.8725714285713,1.18,-3.3981428571428296,-448.1808571428538,-0.9232831351348151,SL,48093.90120714307,False,2023-08-16 22:00:00
2023-08-21 07:00:00,2023-08-21 12:00:00,short,1890.207,1897.00605,1897.00605,1869.8098500000006,0.53,-7.0990499999998065,-397.44964999998973,-0.826403431670374,SL,47696.45155714308,False,2023-08-18 13:00:00
2023-08-22 12:00:00,2023-08-22 18:00:00,long,1897.132,1897.146,1888.0617857142859,1924.3426428571427,0.39,0.013999999999896318,-15.054000000004045,-0.031562096358402035,SessionEnd,47681.39755714308,False,2023-08-21 13:00:00
2023-08-24 11:00:00,2023-08-24 12:00:00,long,1918.02,1914.1493392857142,1914.1493392857142,1929.6319821428574,0.92,-4.170660714285759,-420.50078571428986,-0.8818969393888818,SL,47260.89677142879,False,2023-08-23 14:00:00
2023-08-25 14:00:00,2023-08-25 15:00:00,short,1915.477,1907.6920107142857,1918.0719964285715,1907.6920107142857,1.37,7.784989285714346,1011.7435321428654,2.140762451114781,TP,48272.64030357165,False,2023-08-25 01:00:00
2023-08-28 13:00:00,2023-08-28 15:00:00,long,1916.222,1922.0088821428571,1916.722,1922.0088821428571,1.88,5.786882142857166,1012.733842857147,2.097945827053126,TP,49285.374146428796,True,2023-08-28 04:00:00
2023-09-01 16:00:00,2023-09-01 17:00:00,short,1938.899,1940.718075,1940.718075,1933.4417749999996,2.03,-2.119075000000066,-511.3722250000134,-1.0375739940224584,SL,48774.00192142878,False,2023-09-01 04:00:00
2023-09-06 07:00:00,2023-09-06 10:00:00,short,1926.039,1925.539,1925.539,1919.7887249999999,1.76,0.20000000000004547,-35.199999999992,-0.07216959571350436,SL,48738.80192142879,True,2023-09-05 16:00:00
2023-09-08 13:00:00,2023-09-08 14:00:00,long,1925.906,1923.9048214285713,1923.9048214285713,1931.909535714286,1.83,-2.301178571428636,-494.3156785714404,-1.0142138482770267,SL,48244.486242857354,False,2023-09-08 03:00:00
2023-09-14 12:00:00,2023-09-14 13:00:00,short,1909.295,1902.5345214285721,1911.5484928571427,1902.5345214285721,1.61,6.760478571427939,1024.037049999898,2.122599139816745,TP,49268.52329285725,False,2023-09-13 17:00:00
2023-09-18 16:00:00,2023-09-18 18:00:00,long,1928.807,1931.463,1929.307,1933.597121428571,2.31,2.655999999999949,521.1359999999883,1.0577463361390018,SessionEnd,49789.65929285724,True,2023-09-18 04:00:00
2023-09-19 09:00:00,2023-09-19 11:00:00,long,1934.061,1934.561,1934.561,1939.0393821428574,2.25,0.20000000000004547,-44.99999999998977,-0.09038021275724095,SL,49744.65929285725,True,2023-09-19 00:00:00
2023-09-20 13:00:00,2023-09-20 14:00:00,long,1934.412,1938.5235107142857,1933.0414964285715,1938.5235107142857,2.72,4.111510714285714,1009.5309142857143,2.0294257285840356,TP,50754.190207142965,False,2023-09-19 08:00:00
2023-09-21 08:00:00,2023-09-21 12:00:00,short,1924.918,1916.7436214285708,1924.418,1916.7436214285708,1.4,8.174378571429088,1088.4130000000723,2.1444790973078964,TP,51842.60320714304,True,2023-09-21 01:00:00
2023-09-25 07:00:00,2023-09-25 08:00:00,short,1925.507,1921.6784,1926.7832,1921.6784,3.05,3.8286000000000513,1045.7230000000156,2.017111285522662,TP,52888.32620714305,False,2023-09-22 12:00:00
2023-09-25 14:00:00,2023-09-25 18:00:00,short,1921.683,1915.566,1920.519857142857,1911.1806428571429,1.13,6.116999999999962,646.0209999999955,1.2214812725775852,SessionEnd,53534.347207143044,True,2023-09-25 06:00:00
2023-09-28 12:00:00,2023-09-28 13:00:00,short,1876.989,1873.750789285714,1878.0684035714287,1873.750789285714,3.72,3.2382107142859695,1055.8143857143807,1.972218661094469,TP,54590.161592857425,False,2023-09-27 23:00:00
2023-09-29 14:00:00,2023-09-29 15:00:00,short,1864.325,1855.187235714286,1867.3709214285714,1855.187235714286,1.34,9.137764285713956,1170.8604142856702,2.144819469519331,TP,55761.022007143096,False,2023-09-28 23:00:00
2023-10-04 11:00:00,2023-10-04 15:00:00,short,1824.792,1824.292,1824.292,1803.8958214285713,0.6,0.20000000000004547,-11.999999999997272,-0.021520409002654305,SL,55749.022007143096,True,2023-10-03 13:00:00
2023-10-05 12:00:00,2023-10-05 18:00:00,short,1818.359,1820.174,1826.8166178571428,1792.9861464285714,0.49,-1.8150000000000546,-108.53500000000267,-0.19468502960661108,SessionEnd,55640.48700714309,False,2023-10-04 15:00:00
2023-10-06 15:00:00,2023-10-06 16:00:00,long,1823.905,1830.231689285714,1821.7961035714286,1830.231689285714,1.98,6.32668928571411,1173.4844785713938,2.109047820556895,TP,56813.971485714486,False,2023-10-06 04:00:00
2023-10-09 17:00:00,2023-10-09 18:00:00,long,1851.78,1857.022,1852.28,1859.1165214285716,1.74,5.241999999999962,842.5079999999933,1.482923967411496,SessionEnd,57656.47948571448,True,2023-10-09 06:00:00
2023-10-12 14:00:00,2023-10-12 17:00:00,long,1872.148,1868.4412857142859,1868.4412857142859,1883.268142857142,1.17,-4.006714285713997,-515.5855714285376,-0.89423699821333,SL,57140.893914285945,False,2023-10-11 14:00:00
2023-10-13 09:00:00,2023-10-13 12:00:00,long,1883.497,1909.2718000000007,1891.0892857142858,1909.2718000000007,0.5,25.774800000000596,1268.7400000000298,2.220371284186068,TP,58409.63391428597,True,2023-10-12 12:00:00
2023-10-18 09:00:00,2023-10-18 13:00:00,long,1939.02,1951.2713357142852,1941.9310357142858,1951.2713357142852,1.07,12.251335714285233,1268.09292142852,2.1710338456998386,TP,59677.72683571449,True,2023-10-18 02:00:00
2023-10-20 12:00:00,2023-10-20 13:00:00,long,1973.431,1978.6586178571433,1971.6884607142856,1978.6586178571433,2.57,5.2276178571432865,1240.6977892858247,2.078996394586735,TP,60918.42462500032,False,2023-10-19 22:00:00
2023-10-25 15:00:00,2023-10-25 16:00:00,long,1972.656,1980.8515071428567,1969.9241642857144,1980.8515071428567,1.67,8.19550714285674,1301.8496928570758,2.137037687482827,TP,62220.274317857395,False,2023-10-24 20:00:00
2023-10-27 13:00:00,2023-10-27 18:00:00,long,1984.59,2005.324,1996.6166071428572,2015.7958285714283,0.45,20.73400000000015,915.0300000000068,1.470629967533574,SessionEnd,63135.3043178574,True,2023-10-26 12:00:00
2023-11-03 12:00:00,2023-11-03 14:00:00,long,1990.255,1990.755,1990.755,2016.8385035714286,0.53,0.20000000000004547,-10.599999999997593,-0.016789338571382244,SL,63124.7043178574,True,2023-11-02 13:00:00
2023-11-08 15:00:00,2023-11-08 18:00:00,short,1958.718,1951.947,1967.3838785714286,1932.7203642857146,0.55,6.7710000000001855,350.4050000000102,0.555099629830478,SessionEnd,63475.109317857416,False,2023-11-07 13:00:00
2023-11-09 09:00:00,2023-11-09 11:00:00,short,1948.125,1947.625,1947.625,1940.6358,1.91,0.20000000000004547,-38.19999999999132,-0.0601810700454273,SL,63436.909317857426,True,2023-11-08 20:00:00
2023-11-13 16:00:00,2023-11-13 17:00:00,long,1940.374,1945.1890535714288,1938.768982142857,1945.1890535714288,2.96,4.815053571428734,1306.8558571429053,2.060087528216049,TP,64743.76517500033,False,2023-11-13 00:00:00
2023-11-14 13:00:00,2023-11-14 14:00:00,long,1946.768,1952.401860714286,1944.8900464285714,1952.401860714286,2.59,5.633860714285902,1355.5699250000487,2.0937458940424403,TP,66099.33510000037,False,2023-11-14 01:00:00
2023-11-15 14:00:00,2023-11-15 15:00:00,short,1962.487,1964.279657142857,1964.279657142857,1957.109028571429,2.77,-2.0926571428569787,-690.466028571383,-1.0445884629955666,SL,65408.86907142899,False,2023-11-15 00:00:00
2023-11-16 14:00:00,2023-11-16 18:00:00,long,1971.488,1984.126,1978.8373214285716,1997.4413214285717,0.57,12.63799999999992,697.5659999999954,1.0664700520020098,SessionEnd,66106.43507142899,True,2023-11-15 13:00:00
2023-11-17 08:00:00,2023-11-17 11:00:00,long,1984.858,1987.4536785714286,1987.4536785714286,2000.2237107142853,0.97,2.2956785714286525,183.88082142857928,0.2781587317934983,SL,66290.31589285757,True,2023-11-16 16:00:00
2023-11-20 11:00:00,2023-11-20 16:00:00,short,1974.532,1974.032,1974.032,1963.598521428571,1.36,0.20000000000004547,-27.19999999999382,-0.041031634309838125,SL,66263.11589285758,True,2023-11-20 00:00:00
2023-11-28 07:00:00,2023-11-28 14:00:00,long,2013.582,2026.3033178571436,2016.4889999999998,2026.3033178571436,1.17,12.721317857143504,1441.5941892857898,2.1755605209038733,TP,67704.71008214337,True,2023-11-27 13:00:00
2023-12-01 14:00:00,2023-12-01 15:00:00,long,2037.001,2049.1649821428573,2032.9463392857142,2049.1649821428573,1.25,12.163982142857321,1470.4977678571652,2.171928313514776,TP,69175.20785000053,False,2023-11-30 18:00:00
2023-12-04 15:00:00,2023-12-04 18:00:00,short,2039.55,2024.34,2039.05,2015.1094178571425,0.64,15.210000000000036,947.8400000000023,1.3702018822340192,SessionEnd,70123.04785000053,True,2023-12-01 08:00:00
2023-12-07 11:00:00,2023-12-07 14:00:00,long,2030.13,2031.3612142857144,2031.3612142857144,2047.7840678571438,0.89,0.9312142857143044,47.27807142857309,0.06742158659404697,SL,70170.3259214291,True,2023-12-06 14:00:00
2023-12-08 13:00:00,2023-12-08 14:00:00,short,2026.464,2011.1097214285717,2031.5820928571427,2011.1097214285717,1.03,15.354278571428267,1540.2906928571115,2.195074160809515,TP,71710.61661428622,False,2023-12-07 17:00:00
2023-12-13 13:00:00,2023-12-13 18:00:00,short,1986.235,1982.029,1985.735,1978.190564285714,2.01,4.205999999999904,765.0059999999805,1.066796014479641,SessionEnd,72475.6226142862,True,2023-12-12 11:00:00
2023-12-14 14:00:00,2023-12-14 17:00:00,long,2035.409,2035.909,2035.909,2056.595835714286,0.77,0.20000000000004547,-15.3999999999965,-0.0212485239098324,SL,72460.2226142862,True,2023-12-14 07:00:00
2023-12-18 17:00:00,2023-12-18 18:00:00,long,2024.397,2026.52,2024.897,2033.885367857143,1.72,2.1230000000000473,296.3560000000081,0.40899129109434834,SessionEnd,72756.57861428622,True,2023-12-18 09:00:00
2023-12-19 14:00:00,2023-12-19 18:00:00,long,2033.534,2037.9227142857142,2037.9227142857142,2061.0856571428576,0.59,4.088714285714104,217.63414285713213,0.29912641166224146,SL,72974.21275714335,True,2023-12-18 18:00:00
2023-12-20 15:00:00,2023-12-20 18:00:00,short,2038.128,2036.192,2037.628,2029.8671035714283,1.99,1.9359999999999218,305.6639999999844,0.41886577251230894,SessionEnd,73279.87675714334,True,2023-12-20 02:00:00
2023-12-21 13:00:00,2023-12-21 14:00:00,long,2037.372,2042.665028571429,2035.607657142857,2042.665028571429,3.12,5.293028571428977,1526.6249142858408,2.0832798605068956,TP,74806.50167142919,False,2023-12-21 04:00:00
2023-12-27 14:00:00,2023-12-27 15:00:00,long,2068.224,2076.229510714286,2065.5554964285716,2076.229510714286,2.1,8.00551071428572,1597.157250000001,2.135051384992119,TP,76403.65892142919,False,2023-12-26 21:00:00
