entry_time,exit_time,direction,entry_price,exit_price,sl,tp,lots,pnl_points,pnl_dollars,reason,capital,be_moved,ob_formed
2024-01-09 13:00:00,2024-01-09 15:00:00,long,2034.27,2034.77,2034.77,2044.4948571428572,0.29,0.5,14.499999999999998,SL,10014.5,True,2024-01-08 16:00:00
2024-01-09 15:00:00,2024-01-09 17:00:00,short,2032.305,2031.805,2031.805,2019.4643571428574,0.23,0.5,11.5,SL,10026.0,True,2024-01-09 02:00:00
2024-01-10 07:00:00,2024-01-10 08:00:00,short,2028.905,2032.1619642857142,2032.1619642857142,2019.1341071428571,0.31,-3.2569642857142753,-100.96589285714253,SL,9925.034107142857,False,2024-01-09 16:00:00
2024-01-10 08:00:00,2024-01-10 12:00:00,long,2031.275,2031.775,2031.775,2045.239357142858,0.21,0.5,10.5,SL,9935.534107142857,True,2024-01-09 17:00:00
2024-01-11 13:00:00,2024-01-11 14:00:00,short,2039.305,2032.1676250000003,2041.684125,2032.1676250000003,0.42,7.137374999999793,299.7697499999913,TP,10235.303857142848,False,2024-01-05 12:00:00
2024-01-19 07:00:00,2024-01-19 08:00:00,long,2023.855,2028.7308571428575,2022.2297142857142,2028.7308571428575,0.63,4.875857142857512,307.1790000000233,TP,10542.482857142872,False,2024-01-19 00:00:00
2024-01-23 12:00:00,2024-01-23 14:00:00,long,2023.305,2023.805,2023.805,2034.7524642857147,0.28,0.5,14.000000000000002,SL,10556.482857142872,True,2024-01-22 06:00:00
2024-01-24 14:00:00,2024-01-24 18:00:00,short,2032.89,2015.16,2022.3671428571429,2011.4465357142865,0.15,17.730000000000018,265.9500000000003,SessionEnd,10822.432857142872,True,2024-01-19 13:00:00
2024-01-26 14:00:00,2024-01-26 18:00:00,short,2025.36,2017.35,2022.0419642857144,2007.7821428571426,0.18,8.009999999999991,144.17999999999984,SessionEnd,10966.612857142873,True,2024-01-23 19:00:00
2024-01-30 15:00:00,2024-01-30 18:00:00,long,2029.4,2032.84,2029.9,2044.2296428571435,0.22,3.439999999999827,75.6799999999962,SessionEnd,11042.29285714287,True,2024-01-29 18:00:00
2024-02-01 13:00:00,2024-02-01 14:00:00,long,2033.685,2044.9148571428566,2029.9417142857144,2044.9148571428566,0.29,11.229857142856645,325.66585714284264,TP,11367.958714285713,False,2024-01-30 01:00:00
2024-02-01 15:00:00,2024-02-01 18:00:00,long,2044.815,2055.775,2050.179107142857,2089.0477499999997,0.08,10.960000000000036,87.68000000000029,SessionEnd,11455.638714285713,True,2024-01-31 20:00:00
2024-02-02 13:00:00,2024-02-02 14:00:00,short,2054.78,2049.8401785714286,2056.4266071428574,2049.8401785714286,0.7,4.939821428571577,345.78750000001037,TP,11801.426214285722,False,2024-02-01 20:00:00
2024-02-07 14:00:00,2024-02-07 15:00:00,long,2035.3,2042.7304107142854,2032.8231964285715,2042.7304107142854,0.48,7.430410714285472,356.65971428570265,TP,12158.085928571425,False,2024-02-07 05:00:00
2024-02-08 11:00:00,2024-02-08 12:00:00,short,2033.29,2024.140857142857,2036.3397142857143,2024.140857142857,0.4,9.149142857143033,365.96571428572133,TP,12524.051642857146,False,2024-02-07 11:00:00
2024-02-12 09:00:00,2024-02-12 11:00:00,short,2022.485,2021.985,2021.985,2019.5667499999995,1.29,0.5,64.5,SL,12588.551642857146,True,2024-02-12 03:00:00
2024-02-13 13:00:00,2024-02-13 14:00:00,short,2019.525,2012.5033500000004,2021.86555,2012.5033500000004,0.54,7.021649999999681,379.1690999999828,TP,12967.72074285713,False,2024-02-13 01:00:00
2024-02-14 09:00:00,2024-02-14 14:00:00,short,1991.595,1991.095,1991.095,1985.355803571429,0.62,0.5,31.0,SL,12998.72074285713,True,2024-02-14 00:00:00
2024-02-16 13:00:00,2024-02-16 14:00:00,short,2004.58,1997.5968571428568,2006.9077142857143,1997.5968571428568,0.56,6.983142857143093,391.0560000000133,TP,13389.776742857142,False,2024-02-15 19:00:00
2024-02-21 07:00:00,2024-02-21 15:00:00,long,2030.125,2025.16675,2025.16675,2044.9997499999997,0.27,-4.958249999999907,-133.8727499999975,SL,13255.903992857146,False,2024-02-20 14:00:00
2024-02-22 09:00:00,2024-02-22 13:00:00,long,2029.51,2027.2723571428571,2027.2723571428571,2036.2229285714286,0.59,-2.2376428571428733,-132.0209285714295,SL,13123.883064285716,False,2024-02-21 13:00:00
2024-02-23 08:00:00,2024-02-23 10:00:00,short,2021.02,2020.52,2020.52,2008.6035892857144,0.32,0.5,16.0,SL,13139.883064285716,True,2024-02-22 17:00:00
2024-02-23 12:00:00,2024-02-23 16:00:00,long,2026.935,2036.2465714285713,2027.435,2036.2465714285713,0.42,9.31157142857137,391.0859999999975,TP,13530.969064285713,True,2024-02-23 02:00:00
2024-02-27 08:00:00,2024-02-27 10:00:00,long,2035.145,2035.645,2035.645,2040.4242499999998,0.77,0.5,38.5,SL,13569.469064285713,True,2024-02-26 08:00:00
2024-02-28 13:00:00,2024-02-28 15:00:00,long,2032.45,2032.95,2032.95,2042.6008749999999,0.4,0.5,20.0,SL,13589.469064285713,True,2024-02-27 19:00:00
2024-02-29 13:00:00,2024-02-29 14:00:00,long,2036.64,2042.6337321428575,2034.6420892857143,2042.6337321428575,0.68,5.993732142857425,407.5737857143049,TP,13997.042850000018,False,2024-02-29 04:00:00
2024-03-07 14:00:00,2024-03-07 18:00:00,long,2148.235,2157.135,2149.284107142857,2169.434553571429,0.2,8.900000000000091,178.00000000000182,SessionEnd,14175.04285000002,True,2024-03-06 17:00:00
2024-03-08 08:00:00,2024-03-08 09:00:00,long,2162.035,2170.471482142857,2159.222839285714,2170.471482142857,0.5,8.43648214285713,421.8241071428565,TP,14596.866957142876,False,2024-03-08 00:00:00
2024-03-12 12:00:00,2024-03-12 18:00:00,short,2177.23,2153.625,2164.381607142857,2151.4772500000004,0.17,23.605000000000018,401.2850000000003,SessionEnd,14998.151957142876,True,2024-03-11 13:00:00
2024-03-19 12:00:00,2024-03-19 14:00:00,short,2158.435,2149.626035714286,2157.5969642857144,2149.626035714286,0.51,8.808964285713955,449.2571785714117,TP,15447.409135714288,True,2024-03-18 16:00:00
2024-03-20 07:00:00,2024-03-20 12:00:00,long,2156.995,2150.166892857143,2150.166892857143,2177.4793214285705,0.23,-6.828107142856879,-157.04646428570823,SL,15290.36267142858,False,2024-03-19 13:00:00
2024-03-20 14:00:00,2024-03-20 16:00:00,short,2157.575,2157.075,2157.075,2149.5065,0.57,0.5,28.499999999999996,SL,15318.86267142858,True,2024-03-19 22:00:00
2024-03-26 08:00:00,2024-03-26 09:00:00,long,2173.95,2194.3746428571426,2167.1417857142856,2194.3746428571426,0.23,20.42464285714277,469.76678571428374,TP,15788.629457142864,False,2024-03-26 01:00:00
2024-03-28 07:00:00,2024-03-28 12:00:00,long,2193.815,2215.1315535714284,2204.5591071428576,2215.1315535714284,0.22,21.316553571428358,468.9641785714239,TP,16257.59363571429,True,2024-03-27 11:00:00
2024-04-16 16:00:00,2024-04-16 18:00:00,long,2386.425,2386.925,2386.925,2409.8558035714295,0.21,0.5,10.5,SL,16268.09363571429,True,2024-04-15 20:00:00
2024-04-17 16:00:00,2024-04-17 18:00:00,short,2377.69,2377.19,2377.19,2361.8772678571436,0.31,0.5,15.5,SL,16283.59363571429,True,2024-04-17 06:00:00
2024-04-19 07:00:00,2024-04-19 11:00:00,long,2385.535,2373.8739285714287,2373.8739285714287,2420.5182142857134,0.14,-11.661071428571177,-163.2549999999965,SL,16120.338635714292,False,2024-04-18 13:00:00
2024-04-24 09:00:00,2024-04-24 12:00:00,short,2318.345,2317.845,2317.845,2304.396660714285,0.35,0.5,17.5,SL,16137.838635714292,True,2024-04-24 02:00:00
2024-04-26 14:00:00,2024-04-26 18:00:00,long,2330.77,2340.925,2311.7840535714286,2387.7278392857143,0.08,10.1550000000002,81.2400000000016,SessionEnd,16219.078635714293,False,2024-04-25 13:00:00
2024-05-01 10:00:00,2024-05-01 13:00:00,short,2293.545,2301.3371428571427,2301.3371428571427,2270.1685714285722,0.21,-7.792142857142608,-163.63499999999476,SL,16055.443635714299,False,2024-04-30 15:00:00
2024-05-02 12:00:00,2024-05-02 18:00:00,short,2299.085,2308.095,2329.303375,2208.4298750000003,0.05,-9.009999999999764,-45.04999999999882,SessionEnd,16010.3936357143,False,2024-05-01 18:00:00
2024-05-08 07:00:00,2024-05-08 10:00:00,short,2312.545,2312.045,2312.045,2295.4970714285723,0.28,0.5,14.000000000000002,SL,16024.3936357143,True,2024-05-07 17:00:00
2024-05-09 13:00:00,2024-05-09 14:00:00,long,2312.78,2329.873946428572,2307.082017857143,2329.873946428572,0.28,17.0939464285716,478.6305000000048,TP,16503.024135714306,False,2024-05-08 19:00:00
2024-05-15 13:00:00,2024-05-15 15:00:00,long,2353.165,2374.027107142858,2361.0262500000003,2374.027107142858,0.24,20.862107142857894,500.69057142858946,TP,17003.714707142895,True,2024-05-14 15:00:00
2024-05-17 13:00:00,2024-05-17 14:00:00,long,2395.075,2413.545571428571,2388.918142857143,2413.545571428571,0.28,18.47057142857102,517.1759999999887,TP,17520.890707142884,False,2024-05-16 01:00:00
2024-05-23 14:00:00,2024-05-23 17:00:00,short,2360.05,2334.017285714286,2355.4048214285713,2334.017285714286,0.2,26.032714285714064,520.6542857142813,TP,18041.544992857165,True,2024-05-23 06:00:00
2024-05-28 15:00:00,2024-05-28 17:00:00,long,2355.135,2355.635,2355.635,2370.8345892857155,0.34,0.5,17.0,SL,18058.544992857165,True,2024-05-27 18:00:00
2024-05-29 12:00:00,2024-05-29 13:00:00,short,2341.9,2345.7844285714286,2345.7844285714286,2330.2467142857145,0.46,-3.8844285714285434,-178.683714285713,SL,17879.86127857145,False,2024-05-28 07:00:00
2024-05-31 12:00:00,2024-05-31 14:00:00,long,2346.65,2347.15,2347.15,2361.70555357143,0.36,0.5,18.0,SL,17897.86127857145,True,2024-05-31 02:00:00
2024-05-31 14:00:00,2024-05-31 15:00:00,short,2344.04,2330.5046964285716,2348.5517678571427,2330.5046964285716,0.4,13.535303571428358,541.4121428571343,TP,18439.273421428585,False,2024-05-31 00:00:00
2024-06-03 07:00:00,2024-06-03 10:00:00,short,2322.93,2329.2145178571427,2329.2145178571427,2304.076446428571,0.29,-6.284517857142873,-182.2510178571433,SL,18257.022403571442,False,2024-05-31 19:00:00
2024-06-07 08:00:00,2024-06-07 09:00:00,short,2371.15,2346.1131785714297,2379.495607142857,2346.1131785714297,0.22,25.03682142857042,550.8100714285492,TP,18807.832474999992,False,2024-06-07 02:00:00
2024-06-12 12:00:00,2024-06-12 13:00:00,long,2314.105,2321.312660714286,2311.7024464285714,2321.312660714286,0.78,7.207660714285794,562.1975357142919,TP,19370.030010714283,False,2024-06-12 04:00:00
2024-06-13 12:00:00,2024-06-13 13:00:00,long,2305.775,2320.5936071428587,2300.835464285714,2320.5936071428587,0.39,14.818607142858582,577.9256785714847,TP,19947.95568928577,False,2024-06-10 14:00:00
2024-06-13 13:00:00,2024-06-13 14:00:00,short,2321.44,2307.1262499999993,2326.2112500000003,2307.1262499999993,0.42,14.31375000000071,601.1775000000298,TP,20549.1331892858,False,2024-06-12 20:00:00
2024-06-17 15:00:00,2024-06-17 18:00:00,short,2322.68,2317.98,2322.18,2312.406714285713,0.6,4.699999999999818,281.9999999999891,SessionEnd,20831.13318928579,True,2024-06-17 03:00:00
2024-06-18 12:00:00,2024-06-18 15:00:00,short,2320.99,2328.4251249999998,2328.4251249999998,2298.684625,0.28,-7.435124999999971,-208.1834999999992,SL,20622.94968928579,False,2024-06-17 14:00:00
2024-06-18 15:00:00,2024-06-18 18:00:00,long,2324.215,2331.36,2324.715,2341.722625000001,0.35,7.144999999999982,250.07499999999936,SessionEnd,20873.02468928579,True,2024-06-18 01:00:00
2024-06-21 11:00:00,2024-06-21 13:00:00,long,2364.11,2350.7629464285715,2350.7629464285715,2404.151160714286,0.16,-13.34705357142866,-213.55285714285856,SL,20659.47183214293,False,2024-06-20 15:00:00
2024-06-21 13:00:00,2024-06-21 14:00:00,short,2358.485,2337.352571428571,2365.529142857143,2337.352571428571,0.29,21.132428571429045,612.8404285714422,TP,21272.312260714374,False,2024-06-21 07:00:00
2024-06-25 16:00:00,2024-06-25 18:00:00,short,2324.285,2319.305,2323.785,2310.623910714285,0.47,4.980000000000018,234.06000000000083,SessionEnd,21506.372260714375,True,2024-06-25 04:00:00
2024-06-27 12:00:00,2024-06-27 18:00:00,long,2317.185,2326.31,2321.886785714286,2331.2900357142858,0.46,9.125,419.75,SessionEnd,21926.122260714375,True,2024-06-26 07:00:00
2024-07-02 13:00:00,2024-07-02 14:00:00,long,2334.14,2330.488392857143,2330.488392857143,2345.0948214285704,0.6,-3.6516071428568466,-219.0964285714108,SL,21707.025832142965,False,2024-07-02 02:00:00
2024-07-05 12:00:00,2024-07-05 13:00:00,long,2359.815,2367.27375,2357.32875,2367.27375,0.87,7.458749999999782,648.911249999981,TP,22355.937082142947,False,2024-07-04 14:00:00
2024-07-16 12:00:00,2024-07-16 13:00:00,long,2433.31,2446.7577142857135,2428.8274285714288,2446.7577142857135,0.5,13.447714285713573,672.3857142856787,TP,23028.322796428627,False,2024-07-15 16:00:00
2024-07-17 13:00:00,2024-07-17 14:00:00,long,2479.555,2468.4496607142855,2468.4496607142855,2512.8710178571428,0.21,-11.105339285714308,-233.21212500000047,SL,22795.110671428625,False,2024-07-17 02:00:00
2024-07-24 12:00:00,2024-07-24 16:00:00,long,2417.905,2420.45625,2420.45625,2434.5570357142865,0.41,2.551249999999982,104.60124999999925,SL,22899.711921428625,True,2024-07-24 05:00:00
2024-07-24 17:00:00,2024-07-24 18:00:00,short,2411.875,2408.245,2411.375,2399.4925,0.55,3.630000000000109,199.650000000006,SessionEnd,23099.36192142863,True,2024-07-24 09:00:00
2024-07-30 16:00:00,2024-07-30 17:00:00,long,2393.905,2408.2875892857146,2389.1108035714287,2408.2875892857146,0.48,14.382589285714403,690.3642857142913,TP,23789.72620714292,False,2024-07-29 13:00:00
2024-07-31 13:00:00,2024-07-31 15:00:00,long,2421.24,2421.74,2421.74,2435.7408214285697,0.49,0.5,24.5,SL,23814.22620714292,True,2024-07-31 05:00:00
2024-08-02 14:00:00,2024-08-02 15:00:00,short,2446.0,2421.419767857143,2454.1934107142856,2421.419767857143,0.29,24.580232142856858,712.8267321428488,TP,24527.05293928577,False,2024-08-02 00:00:00
2024-08-06 12:00:00,2024-08-06 18:00:00,short,2398.82,2392.91,2398.32,2366.1356964285724,0.23,5.910000000000309,135.9300000000071,SessionEnd,24662.98293928578,True,2024-08-06 06:00:00
2024-08-09 10:00:00,2024-08-09 13:00:00,long,2427.34,2421.6793214285713,2421.6793214285713,2444.322035714287,0.44,-5.660678571428889,-249.06985714287111,SL,24413.913082142906,False,2024-08-09 02:00:00
2024-08-14 12:00:00,2024-08-14 13:00:00,long,2465.535,2462.037017857143,2462.037017857143,2476.0289464285706,0.7,-3.4979821428569267,-244.85874999998487,SL,24169.05433214292,False,2024-08-13 23:00:00
2024-08-15 12:00:00,2024-08-15 13:00:00,short,2467.71,2441.296553571429,2476.514482142857,2441.296553571429,0.27,26.413446428571206,713.1630535714226,TP,24882.217385714343,False,2024-08-13 13:00:00
2024-08-16 07:00:00,2024-08-16 12:00:00,long,2458.395,2472.940446428571,2465.266964285714,2472.940446428571,0.51,14.545446428570813,741.8177678571114,TP,25624.035153571454,True,2024-08-15 19:00:00
2024-08-20 07:00:00,2024-08-20 08:00:00,long,2505.005,2517.9990714285714,2500.673642857143,2517.9990714285714,0.59,12.99407142857126,766.6502142857042,TP,26390.685367857157,False,2024-08-20 01:00:00
2024-08-26 07:00:00,2024-08-26 13:00:00,long,2516.025,2520.296428571429,2520.296428571429,2528.425339285716,0.64,4.271428571428714,273.3714285714377,SL,26664.056796428595,True,2024-08-26 00:00:00
2024-08-27 17:00:00,2024-08-27 18:00:00,long,2515.11,2524.46,2503.5167857142856,2549.889642857144,0.23,9.349999999999909,215.0499999999979,SessionEnd,26879.106796428594,False,2024-08-27 07:00:00
2024-08-28 11:00:00,2024-08-28 13:00:00,short,2504.915,2504.415,2504.415,2479.898,0.32,0.5,16.0,SL,26895.106796428594,True,2024-08-27 08:00:00
2024-09-02 07:00:00,2024-09-02 08:00:00,short,2497.69,2501.232178571429,2501.232178571429,2487.0634642857135,0.76,-3.542178571428849,-269.2055714285925,SL,26625.901225,False,2024-08-30 17:00:00
2024-09-06 12:00:00,2024-09-06 13:00:00,long,2516.01,2512.8490892857144,2512.8490892857144,2525.4927321428577,0.84,-3.1609107142858193,-265.5165000000088,SL,26360.384724999993,False,2024-09-06 01:00:00
2024-09-06 13:00:00,2024-09-06 15:00:00,short,2513.84,2513.34,2513.34,2498.3894642857144,0.51,0.5,25.5,SL,26385.884724999993,True,2024-09-06 02:00:00
2024-09-09 16:00:00,2024-09-09 18:00:00,long,2505.38,2504.8,2484.2347142857143,2568.8158571428576,0.12,-0.5799999999999272,-6.959999999999127,SessionEnd,26378.924724999993,False,2024-09-06 16:00:00
2024-09-10 14:00:00,2024-09-10 18:00:00,long,2504.485,2516.42,2507.9739285714286,2521.6370714285727,0.46,11.934999999999945,549.0099999999975,SessionEnd,26927.934724999992,True,2024-09-09 17:00:00
2024-09-11 15:00:00,2024-09-11 18:00:00,long,2513.925,2511.555,2505.3858035714284,2539.5425892857156,0.32,-2.3700000000003456,-75.84000000001106,SessionEnd,26852.09472499998,False,2024-09-10 13:00:00
2024-09-12 12:00:00,2024-09-12 13:00:00,long,2519.48,2529.565517857143,2516.1181607142858,2529.565517857143,0.8,10.085517857142804,806.8414285714243,TP,27658.936153571405,False,2024-09-12 06:00:00
2024-09-18 12:00:00,2024-09-18 13:00:00,long,2574.095,2570.8810535714288,2570.8810535714288,2583.736839285713,0.86,-3.2139464285710346,-276.399392857109,SL,27382.536760714298,False,2024-09-18 00:00:00
2024-09-23 07:00:00,2024-09-23 18:00:00,long,2615.605,2627.48,2623.245178571429,2656.5732678571426,0.2,11.875,237.5,SessionEnd,27620.036760714298,True,2024-09-20 13:00:00
2024-09-24 14:00:00,2024-09-24 18:00:00,long,2638.185,2657.365,2645.575,2680.3244999999997,0.2,19.179999999999836,383.5999999999967,SessionEnd,28003.636760714297,True,2024-09-24 05:00:00
2024-09-26 13:00:00,2024-09-26 18:00:00,long,2664.43,2675.98,2664.93,2697.978785714285,0.25,11.550000000000182,288.75000000000455,SessionEnd,28292.3867607143,True,2024-09-25 14:00:00
2024-09-30 10:00:00,2024-09-30 18:00:00,short,2649.88,2627.257857142857,2644.83875,2627.257857142857,0.38,22.62214285714299,859.6414285714336,TP,29152.028189285735,True,2024-09-27 16:00:00
2024-10-01 13:00:00,2024-10-01 15:00:00,long,2658.02,2658.52,2658.52,2682.4803928571423,0.36,0.5,18.0,SL,29170.028189285735,True,2024-09-30 07:00:00
2024-10-04 07:00:00,2024-10-04 12:00:00,long,2660.125,2654.6356607142857,2654.6356607142857,2676.593017857143,0.53,-5.489339285714323,-290.9349821428591,SL,28879.093207142876,False,2024-10-03 17:00:00
2024-10-04 12:00:00,2024-10-04 15:00:00,short,2648.965,2662.261571428571,2662.261571428571,2609.075285714287,0.22,-13.296571428571042,-292.5245714285629,SL,28586.568635714313,False,2024-10-03 16:00:00
2024-10-08 11:00:00,2024-10-08 13:00:00,long,2648.055,2638.594482142857,2638.594482142857,2676.4365535714282,0.3,-9.460517857142804,-283.8155357142841,SL,28302.75310000003,False,2024-10-07 18:00:00
2024-10-08 14:00:00,2024-10-08 15:00:00,short,2634.015,2610.402214285713,2641.885928571429,2610.402214285713,0.36,23.61278571428693,850.0602857143294,TP,29152.813385714362,False,2024-10-08 08:00:00
2024-10-10 07:00:00,2024-10-10 12:00:00,short,2616.065,2625.0240714285715,2625.0240714285715,2589.187785714286,0.33,-8.959071428571406,-295.6493571428564,SL,28857.164028571504,False,2024-10-09 05:00:00
2024-10-10 12:00:00,2024-10-10 13:00:00,long,2621.17,2616.115839285714,2616.115839285714,2636.3324821428578,0.57,-5.054160714285899,-288.0871607142962,SL,28569.07686785721,False,2024-10-09 11:00:00
2024-10-11 13:00:00,2024-10-11 18:00:00,long,2644.815,2658.72,2650.9342857142856,2667.7770535714294,0.37,13.904999999999745,514.4849999999906,SessionEnd,29083.5618678572,True,2024-10-11 06:00:00
2024-10-14 15:00:00,2024-10-14 18:00:00,long,2644.745,2649.26,2645.245,2660.0580178571436,0.57,4.515000000000327,257.3550000000186,SessionEnd,29340.916867857217,True,2024-10-11 12:00:00
2024-10-15 08:00:00,2024-10-15 18:00:00,long,2652.51,2665.145,2654.3267857142855,2673.600053571429,0.42,12.634999999999764,530.6699999999901,SessionEnd,29871.586867857208,True,2024-10-14 20:00:00
2024-10-17 10:00:00,2024-10-17 16:00:00,long,2681.82,2685.0035714285714,2685.0035714285714,2711.9525357142866,0.3,3.183571428571213,95.50714285713639,SL,29967.094010714343,True,2024-10-16 13:00:00
2024-10-25 17:00:00,2024-10-25 18:00:00,long,2739.16,2742.175,2728.599142857143,2770.842571428571,0.28,3.0150000000003274,84.42000000000918,SessionEnd,30051.514010714352,False,2024-10-24 13:00:00
2024-11-05 07:00:00,2024-11-05 08:00:00,short,2734.275,2739.202410714286,2739.202410714286,2719.492767857142,0.61,-4.9274107142859975,-300.57205357144585,SL,29750.941957142906,False,2024-11-04 17:00:00
2024-11-12 13:00:00,2024-11-12 18:00:00,short,2612.61,2599.23,2611.3303571428573,2588.468142857144,0.37,13.38000000000011,495.06000000000404,SessionEnd,30246.00195714291,True,2024-11-11 18:00:00
2024-12-03 13:00:00,2024-12-03 15:00:00,long,2641.195,2641.695,2641.695,2664.9784107142864,0.38,0.5,19.0,SL,30265.00195714291,True,2024-12-03 01:00:00
2024-12-04 12:00:00,2024-12-04 13:00:00,short,2640.555,2644.1298749999996,2644.1298749999996,2629.8303750000005,0.85,-3.5748749999997926,-303.8643749999824,SL,29961.13758214293,False,2024-12-04 01:00:00
2024-12-05 07:00:00,2024-12-05 08:00:00,long,2645.96,2642.5034107142856,2642.5034107142856,2656.3297678571435,0.87,-3.4565892857144718,-300.72326785715904,SL,29660.41431428577,False,2024-12-04 03:00:00
2024-12-06 07:00:00,2024-12-06 18:00:00,short,2637.085,2637.28,2650.3142678571426,2597.3971964285724,0.22,-0.1950000000001637,-4.290000000003602,SessionEnd,29656.124314285764,False,2024-12-04 13:00:00
2024-12-13 08:00:00,2024-12-13 12:00:00,short,2680.815,2663.4777321428573,2674.1285714285714,2663.4777321428573,0.51,17.337267857142706,884.200660714278,TP,30540.324975000043,True,2024-12-13 00:00:00
2024-12-27 08:00:00,2024-12-27 18:00:00,short,2629.435,2618.65,2623.2566071428573,2607.806875,0.42,10.784999999999854,452.9699999999939,SessionEnd,30993.294975000037,True,2024-12-26 18:00:00
2024-12-30 11:00:00,2024-12-30 12:00:00,short,2618.655,2622.291410714286,2622.291410714286,2607.7457678571427,0.85,-3.63641071428583,-309.09491071429557,SL,30684.200064285742,False,2024-12-27 19:00:00
2025-01-06 13:00:00,2025-01-06 14:00:00,short,2641.41,2625.9628392857135,2646.5590535714286,2625.9628392857135,0.6,15.447160714286383,926.829642857183,TP,31611.029707142923,False,2025-01-06 02:00:00
2025-01-10 13:00:00,2025-01-10 14:00:00,long,2674.135,2682.680714285715,2671.2864285714286,2682.680714285715,1.11,8.545714285714894,948.5742857143533,TP,32559.603992857275,False,2025-01-09 13:00:00
2025-01-16 07:00:00,2025-01-16 18:00:00,long,2693.83,2715.235,2712.2251785714284,2743.2897678571426,0.2,21.4050000000002,428.100000000004,SessionEnd,32987.70399285728,True,2025-01-15 14:00:00
2025-01-21 14:00:00,2025-01-21 15:00:00,long,2726.19,2736.5138571428583,2722.748714285714,2736.5138571428583,0.96,10.323857142858287,991.0902857143956,TP,33978.79427857167,False,2025-01-21 06:00:00
2025-01-31 11:00:00,2025-01-31 17:00:00,long,2795.52,2804.9430357142855,2804.9430357142855,2818.802678571428,0.44,9.423035714285561,414.6135714285647,SL,34393.407850000236,True,2025-01-30 21:00:00
2025-02-03 14:00:00,2025-02-03 15:00:00,long,2812.445,2828.7188214285725,2807.0203928571427,2828.7188214285725,0.63,16.27382142857232,1025.250750000056,TP,35418.65860000029,False,2025-01-31 15:00:00
2025-02-04 13:00:00,2025-02-04 18:00:00,long,2823.505,2842.725,2831.9478571428567,2846.1316964285706,0.47,19.2199999999998,903.3399999999905,SessionEnd,36321.99860000028,True,2025-02-04 02:00:00
2025-02-07 14:00:00,2025-02-07 15:00:00,long,2868.78,2880.066482142858,2865.017839285714,2880.066482142858,0.97,11.286482142857949,1094.788767857221,TP,37416.787367857505,False,2025-02-07 03:00:00
2025-02-11 10:00:00,2025-02-11 12:00:00,long,2902.935,2898.0847,2898.0847,2917.4859,0.77,-4.850300000000061,-373.4731000000047,SL,37043.3142678575,False,2025-02-10 13:00:00
2025-02-14 14:00:00,2025-02-14 15:00:00,long,2914.65,2908.415285714286,2908.415285714286,2933.354142857143,0.59,-6.23471428571429,-367.84814285714305,SL,36675.46612500036,False,2025-02-13 08:00:00
2025-02-19 12:00:00,2025-02-19 14:00:00,long,2934.005,2934.505,2934.505,2953.483464285716,0.56,0.5,28.000000000000004,SL,36703.46612500036,True,2025-02-19 00:00:00
2025-02-19 17:00:00,2025-02-19 18:00:00,short,2929.32,2925.34,2940.877589285714,2894.647232142859,0.32,3.980000000000018,127.36000000000058,SessionEnd,36830.82612500036,False,2025-02-19 01:00:00
2025-02-20 14:00:00,2025-02-20 18:00:00,long,2938.53,2941.885,2923.0665714285715,2984.9202857142864,0.24,3.355000000000018,80.52000000000044,SessionEnd,36911.34612500036,False,2025-02-19 02:00:00
2025-02-25 08:00:00,2025-02-25 15:00:00,long,2933.585,2920.690125,2920.690125,2972.269625,0.29,-12.894874999999956,-373.9513749999987,SL,36537.39475000036,False,2025-02-21 15:00:00
2025-02-26 15:00:00,2025-02-26 18:00:00,short,2906.795,2914.97,2918.90825,2870.4552500000004,0.3,-8.174999999999727,-245.24999999999181,SessionEnd,36292.14475000037,False,2025-02-26 07:00:00
2025-03-03 14:00:00,2025-03-03 18:00:00,long,2873.14,2890.0,2880.429107142857,2902.294267857142,0.37,16.860000000000127,623.8200000000047,SessionEnd,36915.96475000038,True,2025-03-02 23:00:00
2025-03-04 07:00:00,2025-03-04 12:00:00,long,2889.95,2923.614767857143,2908.0548214285714,2923.614767857143,0.33,33.66476785714303,1110.93733928572,TP,38026.9020892861,True,2025-03-03 19:00:00
2025-03-05 13:00:00,2025-03-05 15:00:00,short,2911.39,2910.89,2910.89,2891.912499999999,0.59,0.5,29.499999999999996,SL,38056.4020892861,True,2025-03-04 19:00:00
2025-03-07 14:00:00,2025-03-07 15:00:00,long,2905.875,2928.980410714286,2898.1731964285714,2928.980410714286,0.49,23.10541071428588,1132.1651250000082,TP,39188.56721428611,False,2025-03-06 12:00:00
2025-03-10 09:00:00,2025-03-10 18:00:00,short,2913.8,2885.665,2900.974285714286,2865.5597321428577,0.24,28.13500000000022,675.2400000000052,SessionEnd,39863.80721428611,True,2025-03-07 14:00:00
2025-03-11 07:00:00,2025-03-11 13:00:00,short,2897.84,2916.6974464285713,2916.6974464285713,2841.2676607142866,0.21,-18.857446428571166,-396.0063749999945,SL,39467.800839286116,False,2025-03-10 09:00:00
2025-03-11 13:00:00,2025-03-11 18:00:00,long,2908.49,2918.355,2908.99,2944.2282499999997,0.33,9.865000000000236,325.5450000000078,SessionEnd,39793.34583928612,True,2025-03-10 08:00:00
2025-03-12 08:00:00,2025-03-12 13:00:00,long,2918.195,2910.9977678571427,2910.9977678571427,2939.7866964285727,0.55,-7.1972321428575015,-395.8477678571626,SL,39397.498071428956,False,2025-03-11 14:00:00
2025-03-12 15:00:00,2025-03-12 18:00:00,long,2922.28,2935.21,2924.602142857143,2951.1751964285722,0.41,12.929999999999836,530.1299999999933,SessionEnd,39927.628071428946,True,2025-03-12 09:00:00
2025-03-17 12:00:00,2025-03-17 14:00:00,long,2986.635,2999.54030357143,2987.135,2999.54030357143,0.93,12.905303571429613,1200.193232142954,TP,41127.8213035719,True,2025-03-14 18:00:00
2025-03-19 07:00:00,2025-03-19 08:00:00,long,3036.115,3029.061839285714,3029.061839285714,3057.274482142857,0.58,-7.053160714285696,-409.0833214285703,SL,40718.737982143335,False,2025-03-18 17:00:00
2025-03-20 10:00:00,2025-03-20 13:00:00,long,3031.46,3031.96,3031.96,3046.442160714286,0.82,0.5,41.0,SL,40759.737982143335,True,2025-03-19 01:00:00
2025-03-24 14:00:00,2025-03-24 18:00:00,short,3018.485,3006.79,3017.985,2993.343285714286,0.49,11.695000000000164,573.055000000008,SessionEnd,41332.79298214334,True,2025-03-24 01:00:00
2025-03-27 07:00:00,2025-03-27 10:00:00,long,3030.585,3053.709642857143,3031.7935714285713,3053.709642857143,0.54,23.124642857143044,1248.7307142857244,TP,42581.52369642907,True,2025-03-26 08:00:00
2025-04-03 07:00:00,2025-04-03 10:00:00,long,3125.65,3113.0197857142857,3113.0197857142857,3163.540642857143,0.34,-12.630214285714374,-429.4272857142887,SL,42152.09641071478,False,2025-04-02 04:00:00
2025-04-03 15:00:00,2025-04-03 18:00:00,short,3124.33,3111.765,3123.83,3052.0970178571415,0.18,12.565000000000055,226.17000000000098,SessionEnd,42378.26641071478,True,2025-04-02 20:00:00
2025-04-07 14:00:00,2025-04-07 17:00:00,short,3019.045,2957.5128571428577,3001.1774285714287,2957.5128571428577,0.21,61.53214285714239,1292.1749999999902,TP,43670.44141071477,True,2025-04-07 04:00:00
2025-04-22 16:00:00,2025-04-22 18:00:00,short,3414.65,3378.623964285715,3414.15,3378.623964285715,0.36,36.02603571428517,1296.9372857142662,TP,44967.378696429034,True,2025-04-21 17:00:00
2025-04-28 16:00:00,2025-04-28 18:00:00,long,3326.365,3349.025,3326.865,3384.617982142856,0.23,22.66000000000031,521.1800000000071,SessionEnd,45488.55869642904,True,2025-04-27 22:00:00
2025-04-29 16:00:00,2025-04-29 18:00:00,long,3323.105,3319.97,3309.8035,3363.0095,0.34,-3.1350000000002183,-106.59000000000742,SessionEnd,45381.96869642903,False,2025-04-29 08:00:00
2025-04-30 08:00:00,2025-04-30 11:00:00,short,3307.185,3270.3783750000007,3288.857857142857,3270.3783750000007,0.37,36.80662499999926,1361.8451249999725,TP,46743.813821429,True,2025-04-29 14:00:00
2025-05-06 12:00:00,2025-05-06 18:00:00,long,3379.73,3415.725,3396.2957142857144,3456.78575,0.18,35.99499999999989,647.909999999998,SessionEnd,47391.723821429,True,2025-05-06 02:00:00
2025-05-12 07:00:00,2025-05-12 09:00:00,short,3272.665,3214.7442142857153,3261.1837499999997,3214.7442142857153,0.25,57.92078571428465,1448.0196428571162,TP,48839.74346428611,True,2025-05-11 23:00:00
2025-05-14 07:00:00,2025-05-14 18:00:00,short,3227.54,3172.035,3194.2076785714285,3159.5836249999998,0.22,55.50500000000011,1221.1100000000024,SessionEnd,50060.85346428611,True,2025-05-13 14:00:00
2025-05-15 10:00:00,2025-05-15 12:00:00,short,3172.065,3184.032107142857,3184.032107142857,3136.163678571429,0.42,-11.967107142857003,-502.6184999999941,SL,49558.234964286115,False,2025-05-14 19:00:00
2025-05-20 13:00:00,2025-05-20 14:00:00,long,3244.695,3283.696982142858,3231.6943392857142,3283.696982142858,0.38,39.00198214285774,1482.0753214285942,TP,51040.31028571471,False,2025-05-19 09:00:00
2025-05-22 09:00:00,2025-05-22 10:00:00,long,3307.51,3299.658214285714,3299.658214285714,3331.0653571428584,0.65,-7.851785714286052,-510.3660714285934,SL,50529.944214286115,False,2025-05-21 04:00:00
2025-05-23 11:00:00,2025-05-23 13:00:00,long,3341.27,3341.77,3341.77,3365.202071428572,0.63,0.5,31.5,SL,50561.444214286115,True,2025-05-22 03:00:00
2025-06-04 14:00:00,2025-06-04 18:00:00,long,3370.895,3376.25,3371.395,3401.009375,0.5,5.355000000000018,267.7500000000009,SessionEnd,50829.194214286115,True,2025-06-04 02:00:00
2025-06-05 09:00:00,2025-06-05 12:00:00,long,3380.285,3386.90375,3386.90375,3412.7195535714286,0.47,6.618750000000091,311.0812500000042,SL,51140.27546428612,True,2025-06-05 01:00:00
2025-06-10 13:00:00,2025-06-10 14:00:00,long,3337.9,3331.3561785714287,3331.3561785714287,3357.5314642857143,0.78,-6.543821428571391,-510.4180714285685,SL,50629.85739285755,False,2025-06-09 17:00:00
2025-06-11 17:00:00,2025-06-11 18:00:00,short,3329.975,3337.049482142857,3337.049482142857,3308.7515535714288,0.72,-7.07448214285705,-509.3627142857076,SL,50120.49467857184,False,2025-06-11 11:00:00
2025-06-12 10:00:00,2025-06-12 18:00:00,long,3369.01,3385.995,3370.9567857142856,3409.18455357143,0.37,16.984999999999673,628.4449999999879,SessionEnd,50748.93967857183,True,2025-06-11 23:00:00
2025-06-19 07:00:00,2025-06-19 08:00:00,short,3366.825,3371.3402142857144,3371.3402142857144,3353.279357142856,1.12,-4.515214285714592,-505.70400000003434,SL,50243.23567857179,False,2025-06-18 20:00:00
2025-06-23 16:00:00,2025-06-23 18:00:00,long,3383.825,3378.66,3370.456482142857,3423.930553571428,0.38,-5.164999999999964,-196.26999999999862,SessionEnd,50046.965678571796,False,2025-06-22 22:00:00
2025-06-26 12:00:00,2025-06-26 16:00:00,short,3333.315,3332.815,3332.815,3308.24592857143,0.6,0.5,30.0,SL,50076.965678571796,True,2025-06-25 23:00:00
2025-07-02 12:00:00,2025-07-02 13:00:00,long,3341.73,3335.5975357142856,3335.5975357142856,3360.127392857143,0.82,-6.132464285714377,-502.86207142857893,SL,49574.10360714322,False,2025-07-01 23:00:00
2025-07-03 09:00:00,2025-07-03 11:00:00,long,3344.465,3344.965,3344.965,3361.8706250000005,0.85,0.5,42.5,SL,49616.60360714322,True,2025-07-02 11:00:00
2025-07-09 12:00:00,2025-07-09 13:00:00,short,3296.67,3301.7199107142856,3301.7199107142856,3281.5202678571436,0.98,-5.049910714285488,-494.89124999997784,SL,49121.71235714324,False,2025-07-08 15:00:00
2025-07-10 13:00:00,2025-07-10 18:00:00,short,3315.77,3321.575,3323.8560535714287,3291.511839285714,0.61,-5.804999999999836,-354.10499999999,SessionEnd,48767.60735714325,False,2025-07-10 04:00:00
2025-07-15 15:00:00,2025-07-15 16:00:00,short,3347.89,3332.0203214285707,3353.179892857143,3332.0203214285707,0.92,15.869678571429176,1460.0104285714842,TP,50227.617785714734,False,2025-07-14 17:00:00
2025-07-17 12:00:00,2025-07-17 18:00:00,short,3326.905,3338.615,3343.915375,3275.8738750000007,0.3,-11.709999999999582,-351.29999999998745,SessionEnd,49876.317785714746,False,2025-07-16 14:00:00
2025-07-22 12:00:00,2025-07-22 14:00:00,long,3399.73,3422.409678571428,3401.9871428571428,3422.409678571428,0.66,22.679678571427758,1496.858785714232,TP,51373.17657142898,True,2025-07-21 23:00:00
2025-07-25 08:00:00,2025-07-25 18:00:00,short,3353.51,3338.835,3339.8792857142857,3294.556410714286,0.26,14.675000000000182,381.55000000000473,SessionEnd,51754.72657142898,True,2025-07-24 13:00:00
2025-07-30 12:00:00,2025-07-30 13:00:00,short,3327.57,3305.7660535714294,3334.837982142857,3305.7660535714294,0.71,21.803946428570725,1548.0801964285215,TP,53302.8067678575,False,2025-07-30 00:00:00
2025-08-01 09:00:00,2025-08-01 12:00:00,short,3296.36,3308.9342142857145,3308.9342142857145,3258.637357142857,0.42,-12.574214285714334,-528.117000000002,SL,52774.689767857504,False,2025-07-31 11:00:00
2025-08-04 11:00:00,2025-08-04 18:00:00,long,3364.795,3375.835,3370.438035714286,3389.1378035714283,0.65,11.039999999999964,717.5999999999976,SessionEnd,53492.2897678575,True,2025-08-03 22:00:00
2025-08-05 14:00:00,2025-08-05 15:00:00,long,3376.09,3387.9431607142856,3372.1389464285717,3387.9431607142856,1.35,11.853160714285423,1600.176696428532,TP,55092.46646428604,False,2025-08-04 20:00:00
2025-08-08 11:00:00,2025-08-08 12:00:00,long,3382.425,3399.8735892857144,3376.608803571429,3399.8735892857144,0.95,17.448589285714206,1657.6159821428496,TP,56750.08244642889,False,2025-08-07 02:00:00
2025-08-12 14:00:00,2025-08-12 18:00:00,short,3344.205,3349.105,3360.5066964285716,3295.299910714285,0.35,-4.900000000000091,-171.50000000000318,SessionEnd,56578.58244642889,False,2025-08-11 17:00:00
2025-08-14 07:00:00,2025-08-14 09:00:00,short,3358.095,3357.1735714285714,3357.1735714285714,3331.321017857142,0.63,0.9214285714283506,58.049999999986085,SL,56636.63244642888,True,2025-08-13 13:00:00
2025-08-18 08:00:00,2025-08-18 11:00:00,long,3345.52,3346.02,3346.02,3359.3888928571428,1.23,0.5,61.5,SL,56698.13244642888,True,2025-08-15 05:00:00
2025-08-19 14:00:00,2025-08-19 18:00:00,short,3330.915,3318.555,3327.4385714285713,3302.5825714285706,0.6,12.360000000000127,741.6000000000076,SessionEnd,57439.73244642888,True,2025-08-19 00:00:00
2025-08-20 14:00:00,2025-08-20 16:00:00,long,3340.86,3341.36,3341.36,3356.874160714286,1.08,0.5,54.0,SL,57493.73244642888,True,2025-08-19 08:00:00
2025-08-22 12:00:00,2025-08-22 13:00:00,short,3328.53,3335.22725,3335.22725,3308.438250000001,0.86,-6.697249999999713,-575.9634999999753,SL,56917.76894642891,False,2025-08-21 11:00:00
2025-08-22 14:00:00,2025-08-22 15:00:00,long,3341.945,3363.2369107142877,3334.847696428571,3363.2369107142877,0.8,21.291910714287496,1703.3528571429997,TP,58621.12180357191,False,2025-08-21 13:00:00
2025-08-26 07:00:00,2025-08-26 09:00:00,long,3370.685,3371.185,3371.185,3393.9295892857135,0.76,0.5,38.0,SL,58659.12180357191,True,2025-08-25 12:00:00
2025-08-28 08:00:00,2025-08-28 10:00:00,long,3398.405,3393.9918214285713,3393.9918214285713,3411.644535714287,1.33,-4.4131785714289435,-586.9527500000495,SL,58072.16905357186,False,2025-08-27 22:00:00
2025-09-02 07:00:00,2025-09-02 12:00:00,long,3476.955,3477.455,3477.455,3509.7815357142854,0.53,0.5,26.5,SL,58098.66905357186,True,2025-09-01 09:00:00
2025-09-09 14:00:00,2025-09-09 18:00:00,long,3636.15,3640.455,3636.65,3663.995839285715,0.63,4.304999999999836,271.2149999999897,SessionEnd,58369.88405357185,True,2025-09-08 22:00:00
2025-09-11 12:00:00,2025-09-11 13:00:00,short,3642.83,3623.770035714285,3649.1833214285716,3623.770035714285,0.92,19.05996428571507,1753.5167142857863,TP,60123.40076785763,False,2025-09-10 17:00:00
2025-09-15 09:00:00,2025-09-15 12:00:00,short,3641.05,3648.2604464285714,3648.2604464285714,3619.4186607142865,0.83,-7.210446428571231,-598.4670535714122,SL,59524.93371428622,False,2025-09-12 09:00:00
2025-09-15 12:00:00,2025-09-15 13:00:00,long,3638.26,3660.607107142858,3630.8109642857144,3660.607107142858,0.8,22.347107142857567,1787.7685714286054,TP,61312.702285714826,False,2025-09-15 00:00:00
2025-09-19 13:00:00,2025-09-19 18:00:00,long,3658.895,3683.67,3669.2341071428573,3685.7254999999996,0.69,24.77500000000009,1709.4750000000063,SessionEnd,63022.17728571483,True,2025-09-19 05:00:00
2025-10-01 07:00:00,2025-10-01 12:00:00,long,3869.855,3876.8008928571426,3876.8008928571426,3919.521821428572,0.38,6.945892857142553,263.943928571417,SL,63286.12121428625,True,2025-09-30 06:00:00
2025-10-02 14:00:00,2025-10-02 15:00:00,short,3856.055,3822.3074642857136,3867.3041785714286,3822.3074642857136,0.56,33.74753571428619,1889.8620000000267,TP,65175.98321428628,False,2025-10-02 01:00:00
2025-10-07 12:00:00,2025-10-07 14:00:00,long,3969.625,3970.125,3970.125,3999.6322857142854,0.65,0.5,32.5,SL,65208.48321428628,True,2025-10-07 00:00:00
2025-10-15 09:00:00,2025-10-15 18:00:00,long,4168.08,4200.84,4107.940285714286,4348.499142857142,0.11,32.76000000000022,360.3600000000024,SessionEnd,65568.84321428629,False,2025-10-14 05:00:00
2025-10-16 10:00:00,2025-10-16 16:00:00,long,4239.725,4278.8607500000035,4248.16375,4278.8607500000035,0.5,39.1357500000031,1956.787500000155,TP,67525.63071428644,True,2025-10-16 03:00:00
2025-10-20 11:00:00,2025-10-20 12:00:00,long,4262.5,4299.928321428572,4250.0238928571425,4299.928321428572,0.54,37.42832142857242,2021.1293571429105,TP,69546.76007142935,False,2025-10-20 02:00:00
2025-10-21 12:00:00,2025-10-21 13:00:00,short,4255.615,4213.9769285714265,4269.494357142858,4213.9769285714265,0.5,41.63807142857331,2081.9035714286656,TP,71628.66364285801,False,2025-10-20 03:00:00
2025-10-24 08:00:00,2025-10-24 13:00:00,short,4077.035,4116.748625,4116.748625,3957.894124999999,0.18,-39.71362500000032,-714.8452500000058,SL,70913.818392858,False,2025-10-22 19:00:00
2025-10-31 16:00:00,2025-10-31 18:00:00,short,3996.33,3999.92,4013.7456428571427,3944.0830714285717,0.41,-3.5900000000001455,-147.19000000000597,SessionEnd,70766.628392858,False,2025-10-31 04:00:00
2025-11-04 14:00:00,2025-11-04 16:00:00,short,3973.365,3972.865,3972.865,3921.544071428571,0.41,0.5,20.5,SL,70787.128392858,True,2025-11-04 06:00:00
2025-11-06 17:00:00,2025-11-06 18:00:00,long,3970.65,3987.915,3971.15,4002.8368928571435,0.66,17.264999999999873,1139.4899999999916,SessionEnd,71926.61839285798,True,2025-11-05 05:00:00
2025-11-12 15:00:00,2025-11-12 16:00:00,long,4142.595,4181.12298214286,4129.752339285714,4181.12298214286,0.56,38.5279821428594,2157.567000000127,TP,74084.18539285811,False,2025-11-12 00:00:00
2025-11-19 08:00:00,2025-11-19 15:00:00,long,4081.36,4103.198928571428,4103.198928571428,4129.103928571429,0.47,21.838928571427914,1026.4296428571117,SL,75110.61503571522,True,2025-11-18 20:00:00
2025-11-21 09:00:00,2025-11-21 12:00:00,short,4049.065,4071.4114642857144,4071.4114642857144,3982.025607142857,0.34,-22.34646428571432,-759.7797857142868,SL,74350.83525000094,False,2025-11-20 17:00:00
2025-11-21 16:00:00,2025-11-21 18:00:00,long,4084.71,4085.21,4085.21,4128.935249999999,0.5,0.5,25.0,SL,74375.83525000094,True,2025-11-20 20:00:00
2025-11-26 14:00:00,2025-11-26 18:00:00,long,4147.785,4164.795,4108.694071428572,4265.057785714283,0.19,17.01000000000022,323.19000000000415,SessionEnd,74699.02525000094,False,2025-11-25 14:00:00
2025-12-02 15:00:00,2025-12-02 16:00:00,short,4218.8,4190.505125000002,4228.231624999999,4190.505125000002,0.79,28.294874999997774,2235.295124999824,TP,76934.32037500077,False,2025-12-02 05:00:00
2025-12-03 14:00:00,2025-12-03 16:00:00,long,4210.24,4210.74,4210.74,4231.273589285712,1.1,0.5,55.0,SL,76989.32037500077,True,2025-12-02 21:00:00
2025-12-04 09:00:00,2025-12-04 16:00:00,short,4200.94,4217.348107142857,4217.348107142857,4151.715678571428,0.47,-16.40810714285726,-771.1810357142912,SL,76218.13933928647,False,2025-12-03 17:00:00
2025-12-05 16:00:00,2025-12-05 18:00:00,long,4206.345,4206.845,4206.845,4227.611357142859,1.08,0.5,54.0,SL,76272.13933928647,True,2025-12-05 00:00:00
2025-12-09 09:00:00,2025-12-09 13:00:00,long,4196.315,4196.815,4196.815,4231.321089285715,0.65,0.5,32.5,SL,76304.63933928647,True,2025-12-09 02:00:00
2025-12-12 16:00:00,2025-12-12 18:00:00,long,4278.605,4295.02,4279.105,4322.959732142854,0.52,16.415000000000873,853.5800000000454,SessionEnd,77158.21933928652,True,2025-12-11 18:00:00
2025-12-18 16:00:00,2025-12-18 17:00:00,long,4338.22,4322.374035714286,4322.374035714286,4385.757892857143,0.49,-15.845964285714217,-776.4522499999966,SL,76381.76708928651,False,2025-12-17 15:00:00
2025-12-22 13:00:00,2025-12-22 18:00:00,long,4419.455,4435.465,4420.179464285715,4451.905625000001,0.71,16.01000000000022,1136.7100000000155,SessionEnd,77518.47708928653,True,2025-12-22 07:00:00
2026-01-06 14:00:00,2026-01-06 18:00:00,long,4465.86,4488.675,4466.36,4499.58332142857,0.69,22.81500000000051,1574.2350000000351,SessionEnd,79092.71208928656,True,2026-01-06 07:00:00
2026-01-09 12:00:00,2026-01-09 17:00:00,long,4463.5,4491.56875,4491.56875,4518.539125,0.43,28.068750000000364,1206.9562500000156,SL,80299.66833928658,True,2026-01-08 00:00:00
2026-01-13 13:00:00,2026-01-13 15:00:00,long,4596.405,4606.6362500000005,4606.6362500000005,4634.94144642857,0.63,10.231250000000728,644.5687500000458,SL,80944.23708928663,True,2026-01-13 05:00:00
2026-01-15 14:00:00,2026-01-15 16:00:00,long,4592.905,4622.704910714287,4593.405,4622.704910714287,0.81,29.799910714286852,2413.792767857235,TP,83358.02985714386,True,2026-01-13 09:00:00
2026-01-16 15:00:00,2026-01-16 18:00:00,short,4605.865,4582.745,4605.365,4564.925017857143,0.61,23.11999999999989,1410.3199999999933,SessionEnd,84768.34985714385,True,2026-01-15 21:00:00
2026-01-23 16:00:00,2026-01-23 18:00:00,long,4965.26,4966.85,4932.775642857143,5062.713071428572,0.26,1.5900000000001455,41.34000000000378,SessionEnd,84809.68985714385,False,2026-01-23 01:00:00
2026-01-29 15:00:00,2026-01-29 16:00:00,short,5266.615,5299.028071428571,5299.028071428571,5169.375785714286,0.26,-32.41307142857113,-842.7398571428494,SL,83966.950000001,False,2026-01-28 14:00:00
2026-02-06 13:00:00,2026-02-06 18:00:00,long,4897.465,4962.47,4816.519607142857,5140.301178571429,0.1,65.00500000000011,650.0500000000011,SessionEnd,84617.000000001,False,2026-02-06 06:00:00
2026-02-10 07:00:00,2026-02-10 15:00:00,long,5020.51,5021.01,5021.01,5166.439750000003,0.17,0.5,8.5,SL,84625.500000001,True,2026-02-09 01:00:00
2026-02-11 13:00:00,2026-02-11 18:00:00,long,5051.195,5082.64,5051.695,5155.354357142856,0.24,31.44500000000062,754.6800000000148,SessionEnd,85380.18000000101,True,2026-02-10 14:00:00
2026-02-13 16:00:00,2026-02-13 18:00:00,long,4988.59,5031.185,4989.09,5046.835696428572,0.44,42.595000000000255,1874.1800000000112,SessionEnd,87254.36000000102,True,2026-02-13 03:00:00
2026-02-20 15:00:00,2026-02-20 16:00:00,long,4993.41,5050.339446428571,4974.433517857143,5050.339446428571,0.46,56.92944642857128,2618.754535714279,TP,89873.1145357153,False,2026-02-19 11:00:00
2026-02-23 14:00:00,2026-02-23 18:00:00,long,5165.79,5209.48,5174.965178571429,5284.257642857143,0.23,43.6899999999996,1004.8699999999908,SessionEnd,90877.9845357153,True,2026-02-23 00:00:00
2026-02-26 12:00:00,2026-02-26 15:00:00,long,5164.02,5136.975357142857,5136.975357142857,5245.15392857143,0.34,-27.044642857143117,-919.517857142866,SL,89958.46667857243,False,2026-02-24 21:00:00
2026-02-27 13:00:00,2026-02-27 18:00:00,long,5194.47,5245.34,5214.908214285715,5265.128839285716,0.38,50.86999999999989,1933.0599999999959,SessionEnd,91891.52667857242,True,2026-02-27 02:00:00
2026-03-05 13:00:00,2026-03-05 15:00:00,short,5148.755,5076.096660714286,5144.554642857143,5076.096660714286,0.38,72.65833928571374,2761.016892857122,TP,94652.54357142955,True,2026-03-05 06:00:00
2026-03-09 07:00:00,2026-03-09 18:00:00,short,5084.895,5123.46,5150.088732142857,4889.31380357143,0.15,-38.5649999999996,-578.474999999994,SessionEnd,94074.06857142955,False,2026-03-06 01:00:00
2026-03-10 12:00:00,2026-03-10 18:00:00,long,5184.245,5195.773392857142,5195.773392857142,5254.755125000001,0.4,11.528392857142535,461.1357142857014,SL,94535.20428571526,True,2026-03-10 02:00:00
2026-03-12 16:00:00,2026-03-12 18:00:00,short,5134.61,5094.49,5127.717142857143,5044.552410714283,0.31,40.11999999999989,1243.7199999999966,SessionEnd,95778.92428571526,True,2026-03-12 00:00:00
